timezone,temp,humidity,description
2025-02-19 05:59:28,0.76,29,clear sky
2025-02-19 06:42:37,1.76,25,clear sky
2025-02-19 06:54:07,1.76,25,clear sky
2025-02-19 07:26:52,-0.42,18,clear sky
2025-02-19 07:39:23,0.76,25,clear sky
2025-02-19 07:50:45,0.76,25,clear sky
2025-02-19 08:39:13,0.76,29,clear sky
2025-02-19 08:52:00,0.76,29,clear sky
2025-02-19 09:30:38,-1.24,29,clear sky
2025-02-19 09:41:56,-1.24,29,clear sky
2025-02-19 09:53:24,-1.24,29,clear sky
2025-02-19 10:38:20,-3.24,39,clear sky
2025-02-19 10:49:47,-3.24,39,clear sky
2025-02-19 11:22:34,-3.24,43,clear sky
2025-02-19 11:37:18,-3.24,43,clear sky
2025-02-19 11:49:12,-3.24,43,clear sky
2025-02-19 13:02:02,-4.24,50,clear sky
2025-02-19 13:35:49,-5.24,50,clear sky
2025-02-19 13:47:35,-5.24,50,clear sky
2025-02-19 13:58:50,-5.24,50,clear sky
2025-02-19 14:37:22,-5.24,54,clear sky
2025-02-19 14:49:07,-5.24,54,clear sky
2025-02-19 15:31:34,-6.24,58,clear sky
2025-02-19 15:43:33,-6.24,58,clear sky
2025-02-19 15:55:15,-6.24,58,clear sky
2025-02-19 16:42:08,-6.24,58,clear sky
2025-02-19 16:53:56,-6.24,58,clear sky
2025-02-19 17:31:31,-8.24,62,clear sky
2025-02-19 17:43:11,-8.24,62,clear sky
2025-02-19 17:54:35,-8.24,62,clear sky
2025-02-19 18:42:04,-8.24,67,clear sky
2025-02-19 18:53:56,-8.24,67,clear sky
2025-02-19 19:20:01,-3.86,41,clear sky
2025-02-19 19:36:04,-9.24,73,clear sky
2025-02-19 19:47:46,-9.24,73,clear sky
2025-02-19 19:59:06,-9.24,73,clear sky
2025-02-19 20:32:10,-10.24,85,clear sky
2025-02-19 20:43:54,-10.24,85,clear sky
2025-02-19 20:55:37,-10.24,85,clear sky
2025-02-19 21:26:30,-10.24,85,clear sky
2025-02-19 21:39:01,-10.24,85,clear sky
2025-02-19 21:50:45,-10.24,85,clear sky
2025-02-19 22:30:37,-8.24,73,clear sky
2025-02-19 22:42:04,-8.24,73,clear sky
2025-02-19 22:53:34,-8.24,73,clear sky
2025-02-19 23:26:45,-7.24,73,clear sky
2025-02-19 23:39:50,-7.24,73,clear sky
2025-02-19 23:51:34,-7.24,73,clear sky
2025-02-20 02:53:22,-0.24,32,clear sky
2025-02-20 03:39:06,0.76,29,clear sky
2025-02-20 03:50:32,0.76,29,clear sky
2025-02-20 04:36:01,0.76,29,clear sky
2025-02-20 04:47:39,0.76,29,clear sky
2025-02-20 04:59:14,0.76,29,clear sky
2025-02-20 05:34:35,1.76,27,clear sky
2025-02-20 05:45:58,1.76,27,clear sky
2025-02-20 05:57:18,1.76,27,clear sky
2025-02-20 06:44:01,1.76,27,clear sky
2025-02-20 06:55:23,1.76,27,clear sky
2025-02-20 07:26:25,1.76,27,clear sky
2025-02-20 07:38:51,1.76,27,clear sky
2025-02-20 07:50:15,1.76,27,clear sky
2025-02-20 08:39:07,0.76,23,clear sky
2025-02-20 08:51:01,0.76,23,clear sky
2025-02-20 09:30:40,-1.24,29,clear sky
2025-02-20 09:42:00,-1.24,29,clear sky
2025-02-20 09:53:47,-1.24,29,clear sky
2025-02-20 10:38:41,-2.24,34,clear sky
2025-02-20 10:50:23,-2.24,34,clear sky
2025-02-20 11:22:58,-3.24,36,clear sky
2025-02-20 11:38:08,-3.24,36,clear sky
2025-02-20 11:49:46,-3.24,36,clear sky
2025-02-20 13:03:43,-4.24,39,clear sky
2025-02-20 13:37:58,-5.24,50,clear sky
2025-02-20 13:49:14,-5.24,50,clear sky
2025-02-20 14:35:31,-5.24,54,clear sky
2025-02-20 14:47:18,-5.24,54,clear sky
2025-02-20 14:58:42,-5.24,54,clear sky
2025-02-20 15:35:47,-6.24,58,clear sky
2025-02-20 15:47:08,-6.24,58,clear sky
2025-02-20 15:58:44,-6.24,58,clear sky
2025-02-20 16:46:21,-7.24,63,clear sky
2025-02-20 16:57:51,-7.24,63,clear sky
2025-02-20 17:30:14,-6.24,63,clear sky
2025-02-20 17:41:56,-6.24,63,clear sky
2025-02-20 17:53:39,-6.24,63,clear sky
2025-02-20 18:42:26,-7.24,63,clear sky
2025-02-20 18:53:53,-7.24,63,clear sky
2025-02-20 19:21:51,-9.24,62,clear sky
2025-02-20 19:37:32,-9.24,62,clear sky
2025-02-20 19:49:19,-9.24,62,clear sky
2025-02-20 21:26:44,-10.24,79,clear sky
2025-02-20 21:39:01,-10.24,79,clear sky
2025-02-20 21:50:20,-10.24,79,clear sky
2025-02-20 22:32:39,-10.24,85,clear sky
2025-02-20 22:44:05,-10.24,85,clear sky
2025-02-20 22:55:31,-10.24,85,clear sky
2025-02-20 23:29:05,-7.24,73,clear sky
2025-02-20 23:40:24,-7.24,73,clear sky
2025-02-20 23:52:03,-7.24,73,clear sky
2025-02-21 02:53:53,-0.24,32,clear sky
2025-02-21 03:38:13,0.76,32,clear sky
2025-02-21 03:49:43,0.76,32,clear sky
2025-02-21 04:40:26,0.76,32,clear sky
2025-02-21 04:52:04,0.76,32,clear sky
2025-02-21 05:32:08,0.76,32,clear sky
2025-02-21 05:43:41,0.76,32,clear sky
2025-02-21 05:55:25,0.76,32,clear sky
2025-02-21 06:43:04,0.76,37,clear sky
2025-02-21 06:54:26,0.76,37,clear sky
2025-02-21 07:26:40,0.76,40,clear sky
2025-02-21 07:38:50,0.76,40,clear sky
2025-02-21 07:50:27,0.76,40,clear sky
2025-02-21 08:38:01,1.76,30,clear sky
2025-02-21 08:49:37,1.76,30,clear sky
2025-02-21 09:29:22,-0.24,27,clear sky
2025-02-21 09:41:05,-0.24,27,clear sky
2025-02-21 09:53:05,-0.24,27,clear sky
2025-02-21 10:37:51,-2.24,37,clear sky
2025-02-21 10:49:08,-2.24,37,clear sky
2025-02-21 11:24:26,-2.24,40,clear sky
2025-02-21 11:38:06,-2.24,40,clear sky
2025-02-21 11:49:35,-2.24,40,clear sky
2025-02-21 13:02:48,-3.24,46,clear sky
2025-02-21 13:32:01,-4.24,50,clear sky
2025-02-21 13:43:23,-4.24,50,clear sky
2025-02-21 13:54:46,-4.24,50,clear sky
2025-02-21 14:32:24,-4.24,50,clear sky
2025-02-21 14:43:46,-4.24,50,clear sky
2025-02-21 14:55:22,-4.24,50,clear sky
2025-02-21 15:31:24,-4.24,54,clear sky
2025-02-21 15:42:50,-4.24,54,clear sky
2025-02-21 15:54:41,-4.24,54,clear sky
2025-02-21 16:39:46,-5.24,58,clear sky
2025-02-21 16:51:34,-5.24,58,clear sky
2025-02-21 17:27:31,-5.24,63,clear sky
2025-02-21 17:39:17,-5.24,63,clear sky
2025-02-21 17:50:45,-5.24,63,clear sky
2025-02-21 18:40:11,-6.24,73,clear sky
2025-02-21 18:51:29,-6.24,73,clear sky
2025-02-21 19:20:34,-7.24,73,clear sky
2025-02-21 19:36:10,-7.24,73,clear sky
2025-02-21 19:47:44,-7.24,73,clear sky
2025-02-21 19:59:06,-7.24,73,clear sky
2025-02-21 20:31:05,-8.24,86,clear sky
2025-02-21 20:42:32,-8.24,86,clear sky
2025-02-21 20:54:00,-8.24,86,clear sky
2025-02-21 21:23:57,-7.24,73,clear sky
2025-02-21 21:37:51,-7.24,73,clear sky
2025-02-21 21:49:19,-7.24,73,clear sky
2025-02-21 22:31:54,-7.24,79,clear sky
2025-02-21 22:43:33,-7.24,79,clear sky
2025-02-21 22:55:10,-7.24,79,clear sky
2025-02-21 23:28:23,-4.52,41,clear sky
2025-02-21 23:40:00,-6.24,73,clear sky
2025-02-21 23:51:49,-6.24,73,clear sky
2025-02-22 02:38:27,-0.24,34,clear sky
2025-02-22 03:31:05,0.76,34,clear sky
2025-02-22 03:42:52,0.76,34,clear sky
2025-02-22 03:54:22,0.76,34,clear sky
2025-02-22 04:38:48,1.76,32,clear sky
2025-02-22 04:50:29,1.76,32,clear sky
2025-02-22 05:30:29,0.76,34,clear sky
2025-02-22 05:41:54,0.76,34,clear sky
2025-02-22 05:53:46,0.76,34,clear sky
2025-02-22 06:43:27,0.76,37,clear sky
2025-02-22 06:54:43,0.76,37,clear sky
2025-02-22 07:23:35,-0.02,28,clear sky
2025-02-22 07:36:48,0.76,37,clear sky
2025-02-22 07:48:17,0.76,37,clear sky
2025-02-22 07:59:49,0.76,37,clear sky
2025-02-22 08:34:37,0.76,37,clear sky
2025-02-22 08:45:58,0.76,37,clear sky
2025-02-22 08:57:34,0.76,37,clear sky
2025-02-22 09:27:54,-1.24,47,clear sky
2025-02-22 09:39:26,-1.24,47,clear sky
2025-02-22 09:51:04,-1.24,47,clear sky
2025-02-22 10:38:16,-1.24,51,clear sky
2025-02-22 10:49:57,-1.24,51,clear sky
2025-02-22 11:19:09,-2.26,34,clear sky
2025-02-22 11:30:53,-2.24,37,clear sky
2025-02-22 11:42:28,-2.24,37,clear sky
2025-02-22 11:53:46,-2.24,37,clear sky
2025-02-22 12:57:32,-4.24,42,clear sky
2025-02-22 13:28:50,-5.24,46,clear sky
2025-02-22 13:40:11,-5.24,46,clear sky
2025-02-22 13:51:59,-5.24,46,clear sky
2025-02-22 14:28:51,-5.24,50,clear sky
2025-02-22 14:40:10,-5.24,50,clear sky
2025-02-22 14:51:49,-5.24,50,clear sky
2025-02-22 15:26:32,-6.24,53,clear sky
2025-02-22 15:38:33,-6.24,53,clear sky
2025-02-22 15:50:10,-6.24,53,clear sky
2025-02-22 16:34:40,-6.24,58,clear sky
2025-02-22 16:46:21,-6.24,58,clear sky
2025-02-22 16:57:50,-6.24,58,clear sky
2025-02-22 17:31:00,-8.24,62,clear sky
2025-02-22 17:42:28,-8.24,62,clear sky
2025-02-22 17:53:54,-8.24,62,clear sky
2025-02-22 18:37:37,-7.24,58,clear sky
2025-02-22 18:49:00,-7.24,58,clear sky
2025-02-22 19:18:55,-4.19,39,clear sky
2025-02-22 19:30:18,-9.24,67,clear sky
2025-02-22 19:41:37,-9.24,67,clear sky
2025-02-22 19:53:14,-9.24,67,clear sky
2025-02-22 20:27:56,-8.24,67,clear sky
2025-02-22 20:40:52,-8.24,67,clear sky
2025-02-22 20:52:43,-8.24,67,clear sky
2025-02-22 21:25:01,-4.75,35,clear sky
2025-02-22 21:37:59,-8.24,67,clear sky
2025-02-22 21:49:17,-8.24,67,clear sky
2025-02-22 22:29:59,-4.86,37,clear sky
2025-02-22 22:41:26,-7.24,63,clear sky
2025-02-22 22:52:51,-7.24,63,clear sky
2025-02-22 23:24:21,-4.93,37,clear sky
2025-02-22 23:38:29,-5.24,58,clear sky
2025-02-22 23:49:52,-5.24,58,clear sky
2025-02-23 02:57:57,-1.24,37,clear sky
2025-02-23 03:39:45,-2.24,34,few clouds
2025-02-23 03:51:34,-2.24,34,few clouds
2025-02-23 04:38:46,-0.24,32,few clouds
2025-02-23 04:50:03,-0.24,32,few clouds
2025-02-23 05:30:55,-0.24,27,clear sky
2025-02-23 05:42:13,-0.24,27,clear sky
2025-02-23 05:53:47,-0.24,27,clear sky
2025-02-23 06:38:48,-0.24,29,clear sky
2025-02-23 06:50:11,-0.24,29,clear sky
2025-02-23 07:25:03,-0.24,34,clear sky
2025-02-23 07:38:09,-0.24,34,clear sky
2025-02-23 07:49:53,-0.24,34,clear sky
2025-02-23 08:33:27,-0.24,29,clear sky
2025-02-23 08:46:22,-0.24,29,clear sky
2025-02-23 08:57:42,-0.24,29,clear sky
2025-02-23 09:29:57,-2.24,34,clear sky
2025-02-23 09:41:51,-2.24,34,clear sky
2025-02-23 09:53:32,-2.24,34,clear sky
2025-02-23 10:34:38,-3.24,36,clear sky
2025-02-23 10:46:33,-3.24,36,clear sky
2025-02-23 10:58:01,-3.24,36,clear sky
2025-02-23 11:23:05,-3.39,35,clear sky
2025-02-23 11:39:52,-4.24,42,clear sky
2025-02-23 11:51:12,-4.24,42,clear sky
2025-02-23 12:58:53,-5.24,50,clear sky
2025-02-23 13:29:28,-5.24,50,clear sky
2025-02-23 13:40:58,-5.24,50,clear sky
2025-02-23 13:52:22,-5.24,50,clear sky
2025-02-23 14:30:02,-3.76,39,clear sky
2025-02-23 14:42:08,-6.24,53,clear sky
2025-02-23 14:53:48,-6.24,53,clear sky
2025-02-23 15:26:56,-6.24,53,clear sky
2025-02-23 15:40:24,-6.24,53,clear sky
2025-02-23 15:52:14,-6.24,53,clear sky
2025-02-23 16:35:12,-6.24,58,clear sky
2025-02-23 16:46:32,-6.24,58,clear sky
2025-02-23 16:58:11,-6.24,58,clear sky
2025-02-23 17:28:42,-8.24,62,clear sky
2025-02-23 17:41:26,-8.24,62,clear sky
2025-02-23 17:52:54,-8.24,62,clear sky
2025-02-23 18:37:39,-8.24,67,clear sky
2025-02-23 18:49:18,-8.24,67,clear sky
2025-02-23 19:18:31,-4,41,clear sky
2025-02-23 19:30:01,-10.24,79,clear sky
2025-02-23 19:41:20,-10.24,79,clear sky
2025-02-23 19:52:52,-10.24,79,clear sky
2025-02-23 20:28:48,-10.24,73,clear sky
2025-02-23 20:41:29,-10.24,73,clear sky
2025-02-23 20:52:45,-10.24,73,clear sky
2025-02-23 21:25:26,-9.24,73,clear sky
2025-02-23 21:37:57,-9.24,73,clear sky
2025-02-23 21:49:23,-9.24,73,clear sky
2025-02-23 22:30:27,-10.24,79,clear sky
2025-02-23 22:41:49,-10.24,79,clear sky
2025-02-23 22:53:28,-10.24,79,clear sky
2025-02-23 23:25:24,-4.24,43,clear sky
2025-02-23 23:39:26,-7.24,68,clear sky
2025-02-23 23:51:16,-7.24,68,clear sky
2025-02-24 02:58:55,0.76,32,clear sky
2025-02-24 03:42:45,1.76,30,clear sky
2025-02-24 03:54:01,1.76,30,clear sky
2025-02-24 04:37:34,2.76,30,clear sky
2025-02-24 04:49:19,2.76,30,clear sky
2025-02-24 05:32:12,3.76,33,clear sky
2025-02-24 05:43:40,3.76,33,clear sky
2025-02-24 05:55:29,3.76,33,clear sky
2025-02-24 06:46:07,3.76,33,clear sky
2025-02-24 06:57:24,3.76,33,clear sky
2025-02-24 07:27:41,2.2,24,clear sky
2025-02-24 07:38:59,3.76,30,clear sky
2025-02-24 07:50:39,3.76,30,clear sky
2025-02-24 08:40:21,3.76,30,clear sky
2025-02-24 08:52:21,3.76,30,clear sky
2025-02-24 09:32:09,1.76,35,clear sky
2025-02-24 09:43:28,1.76,35,clear sky
2025-02-24 09:54:46,1.76,35,clear sky
2025-02-24 10:39:49,0.76,40,clear sky
2025-02-24 10:51:31,0.76,40,clear sky
2025-02-24 11:23:45,0.76,60,clear sky
2025-02-24 11:38:41,0.76,60,clear sky
2025-02-24 11:50:31,0.76,60,clear sky
2025-02-24 13:04:54,0.76,64,clear sky
2025-02-24 13:40:06,-0.24,69,clear sky
2025-02-24 13:51:31,-0.24,69,clear sky
2025-02-24 14:37:20,-2.24,86,clear sky
2025-02-24 14:48:56,-2.24,86,clear sky
2025-02-24 15:33:15,-5.24,93,clear sky
2025-02-24 15:44:58,-5.24,93,clear sky
2025-02-24 15:56:38,-5.24,93,clear sky
2025-02-24 16:46:53,-6.24,100,clear sky
2025-02-24 16:58:16,-6.24,100,clear sky
2025-02-24 17:31:01,-5.24,100,clear sky
2025-02-24 17:42:20,-5.24,100,clear sky
2025-02-24 17:54:03,-5.24,100,clear sky
2025-02-24 18:44:12,-7.24,93,clear sky
2025-02-24 18:55:43,-7.24,93,clear sky
2025-02-24 19:22:56,-6.24,93,clear sky
2025-02-24 19:38:31,-6.24,93,clear sky
2025-02-24 19:50:23,-6.24,93,clear sky
2025-02-24 20:31:28,-7.24,100,clear sky
2025-02-24 20:43:19,-7.24,100,clear sky
2025-02-24 20:54:56,-7.24,100,clear sky
2025-02-24 21:26:56,-7.24,100,clear sky
2025-02-24 21:40:11,-7.24,100,clear sky
2025-02-24 21:51:34,-7.24,100,clear sky
2025-02-24 22:33:08,-6.24,100,clear sky
2025-02-24 22:44:31,-6.24,100,clear sky
2025-02-24 22:55:50,-6.24,100,clear sky
2025-02-24 23:27:50,-3.24,93,clear sky
2025-02-24 23:39:42,-3.24,93,clear sky
2025-02-24 23:51:25,-3.24,93,clear sky
2025-02-25 02:57:51,3.76,60,broken clouds
2025-02-25 03:41:56,5.76,52,broken clouds
2025-02-25 03:53:37,5.76,52,broken clouds
2025-02-25 04:37:44,4.76,56,broken clouds
2025-02-25 04:49:33,4.76,56,broken clouds
2025-02-25 05:34:26,4.76,60,broken clouds
2025-02-25 05:44:17,4.76,60,broken clouds
2025-02-25 05:56:00,4.76,60,broken clouds
2025-02-25 06:44:35,4.76,65,broken clouds
2025-02-25 06:55:59,4.76,65,broken clouds
2025-02-25 07:28:04,5.76,61,broken clouds
2025-02-25 07:39:24,5.76,61,broken clouds
2025-02-25 07:51:02,5.76,61,broken clouds
2025-02-25 08:39:21,4.76,65,broken clouds
2025-02-25 08:51:53,4.76,65,broken clouds
2025-02-25 09:31:56,4.76,70,broken clouds
2025-02-25 09:43:36,4.76,70,broken clouds
2025-02-25 09:55:22,4.76,70,broken clouds
2025-02-25 10:39:44,3.76,75,broken clouds
2025-02-25 10:51:36,3.76,75,broken clouds
2025-02-25 11:25:01,3.76,75,broken clouds
2025-02-25 11:39:34,3.76,75,broken clouds
2025-02-25 11:51:23,3.76,75,broken clouds
2025-02-25 13:04:50,3.76,81,scattered clouds
2025-02-25 13:39:48,1.76,93,scattered clouds
2025-02-25 13:51:10,1.76,93,scattered clouds
2025-02-25 14:37:53,1.76,93,scattered clouds
2025-02-25 14:49:45,1.76,93,scattered clouds
2025-02-25 15:32:56,2.76,93,scattered clouds
2025-02-25 15:45:08,2.76,93,scattered clouds
2025-02-25 15:56:33,2.76,93,scattered clouds
2025-02-25 16:46:00,2.76,93,mist
2025-02-25 16:57:24,2.76,93,mist
2025-02-25 17:37:43,2.76,100,mist
2025-02-25 17:49:19,2.76,100,mist
2025-02-25 18:42:42,2.76,100,mist
2025-02-25 18:54:11,2.76,100,mist
2025-02-25 19:22:58,1.76,100,mist
2025-02-25 19:37:40,1.76,100,mist
2025-02-25 19:49:30,1.76,100,mist
2025-02-25 20:31:34,-0.24,100,mist
2025-02-25 20:43:28,-0.24,100,mist
2025-02-25 20:54:56,-0.24,100,mist
2025-02-25 21:27:43,-1.24,93,fog
2025-02-25 21:41:12,-1.24,93,fog
2025-02-25 21:52:39,-1.24,93,fog
2025-02-25 22:34:17,-4.24,100,fog
2025-02-25 22:45:51,-4.24,100,fog
2025-02-25 22:57:22,-4.24,100,fog
2025-02-25 23:27:53,-2.24,93,fog
2025-02-25 23:39:55,-2.24,93,fog
2025-02-25 23:51:49,-2.24,93,fog
2025-02-26 02:56:30,4.76,45,haze
2025-02-26 03:43:59,6.76,26,clear sky
2025-02-26 03:55:39,6.76,26,clear sky
2025-02-26 04:42:00,7.76,17,clear sky
2025-02-26 04:53:42,7.76,17,clear sky
2025-02-26 05:33:13,7.76,21,clear sky
2025-02-26 05:44:39,7.76,21,clear sky
2025-02-26 05:55:58,7.76,21,clear sky
2025-02-26 06:44:57,7.76,19,clear sky
2025-02-26 06:56:23,7.76,19,clear sky
2025-02-26 07:27:36,7.76,18,clear sky
2025-02-26 07:39:47,7.76,18,clear sky
2025-02-26 07:51:38,7.76,18,clear sky
2025-02-26 08:39:59,6.76,19,clear sky
2025-02-26 08:52:28,6.76,19,clear sky
2025-02-26 09:31:56,4.76,22,clear sky
2025-02-26 09:43:27,4.76,22,clear sky
2025-02-26 09:54:50,4.76,22,clear sky
2025-02-26 10:39:31,2.76,23,clear sky
2025-02-26 10:50:59,2.76,23,clear sky
2025-02-26 11:24:23,2.78,40,clear sky
2025-02-26 11:39:09,1.76,27,clear sky
2025-02-26 11:50:38,1.76,27,clear sky
2025-02-26 13:04:41,0.76,37,clear sky
2025-02-26 13:39:58,-0.24,40,clear sky
2025-02-26 13:51:50,-0.24,40,clear sky
2025-02-26 14:37:31,-1.24,51,clear sky
2025-02-26 14:48:53,-1.24,51,clear sky
2025-02-26 15:00:11,-1.24,51,clear sky
2025-02-26 15:44:11,-4.24,68,clear sky
2025-02-26 15:49:33,-4.24,68,clear sky
2025-02-26 16:43:11,-4.24,74,clear sky
2025-02-26 16:54:40,-4.24,74,clear sky
2025-02-26 17:31:52,-5.24,63,clear sky
2025-02-26 17:43:19,-5.24,63,clear sky
2025-02-26 17:54:50,-5.24,63,clear sky
2025-02-26 18:44:37,0.15,57,clear sky
2025-02-26 18:56:12,0.05,55,clear sky
2025-02-26 19:22:36,0.15,57,clear sky
2025-02-26 19:38:17,0.15,57,clear sky
2025-02-26 19:50:03,0.07,56,clear sky
2025-02-26 20:31:12,-6.24,73,clear sky
2025-02-26 20:43:29,-6.24,73,clear sky
2025-02-26 20:55:14,-6.24,73,clear sky
2025-02-26 21:28:14,0.01,54,clear sky
2025-02-26 21:40:02,-6.24,79,clear sky
2025-02-26 21:51:31,-6.24,79,clear sky
2025-02-26 22:33:54,-6.24,86,clear sky
2025-02-26 22:45:14,-6.24,86,clear sky
2025-02-26 22:56:42,-6.24,86,clear sky
2025-02-26 23:31:15,-4.24,80,clear sky
2025-02-26 23:42:37,-4.24,80,clear sky
2025-02-26 23:54:18,-4.24,80,clear sky
2025-02-27 02:58:23,8.76,25,clear sky
2025-02-27 03:44:07,9.76,16,clear sky
2025-02-27 03:55:43,9.76,16,clear sky
2025-02-27 04:39:36,11.76,13,clear sky
2025-02-27 04:51:07,11.76,13,clear sky
2025-02-27 05:35:02,12.76,11,clear sky
2025-02-27 05:46:15,12.76,11,clear sky
2025-02-27 05:58:09,12.76,11,clear sky
2025-02-27 06:46:02,12.76,11,few clouds
2025-02-27 06:57:35,12.76,11,few clouds
2025-02-27 07:28:02,12.76,13,clear sky
2025-02-27 07:39:29,12.76,13,clear sky
2025-02-27 07:50:49,12.76,13,clear sky
2025-02-27 08:39:02,11.76,16,clear sky
2025-02-27 08:52:36,11.76,16,clear sky
2025-02-27 09:31:42,10.76,19,clear sky
2025-02-27 09:43:20,10.76,19,clear sky
2025-02-27 09:54:39,10.76,19,clear sky
2025-02-27 10:39:32,6.76,31,clear sky
2025-02-27 10:51:04,6.76,31,clear sky
2025-02-27 11:23:56,7.3,17,broken clouds
2025-02-27 11:39:08,2.76,41,clear sky
2025-02-27 11:50:55,2.76,41,clear sky
2025-02-27 13:05:02,2.76,41,clear sky
2025-02-27 13:40:13,-0.24,51,clear sky
2025-02-27 13:51:30,-0.24,51,clear sky
2025-02-27 14:37:12,-0.24,59,clear sky
2025-02-27 14:48:58,-0.24,59,clear sky
2025-02-27 15:00:39,-0.24,59,clear sky
2025-02-27 15:35:37,0.76,60,broken clouds
2025-02-27 15:47:00,0.76,60,broken clouds
2025-02-27 15:58:26,0.76,60,broken clouds
2025-02-27 16:46:47,-0.24,69,broken clouds
2025-02-27 16:58:25,-0.24,69,broken clouds
2025-02-27 17:33:20,0.76,75,broken clouds
2025-02-27 17:44:45,0.76,75,broken clouds
2025-02-27 17:56:29,0.76,75,broken clouds
2025-02-27 18:45:52,0.76,64,broken clouds
2025-02-27 18:57:35,0.76,64,broken clouds
2025-02-27 19:23:37,4,35,broken clouds
2025-02-27 19:38:27,-0.24,64,scattered clouds
2025-02-27 19:49:47,-0.24,64,scattered clouds
2025-02-27 20:31:34,-0.24,69,broken clouds
2025-02-27 20:43:41,-0.24,69,broken clouds
2025-02-27 20:55:12,-0.24,69,broken clouds
2025-02-27 21:28:09,-0.24,80,broken clouds
2025-02-27 21:40:02,-0.24,80,broken clouds
2025-02-27 21:51:52,-0.24,80,broken clouds
2025-02-27 22:36:21,1.76,64,broken clouds
2025-02-27 22:48:02,1.76,64,broken clouds
2025-02-27 22:59:46,1.76,64,broken clouds
2025-02-27 23:29:20,1.76,75,broken clouds
2025-02-27 23:41:06,1.76,75,broken clouds
2025-02-27 23:52:59,1.76,75,broken clouds
2025-02-28 02:58:37,9.76,40,broken clouds
2025-02-28 03:43:17,10.76,58,broken clouds
2025-02-28 03:54:44,10.76,58,broken clouds
2025-02-28 04:39:09,10.76,62,broken clouds
2025-02-28 04:50:39,10.76,62,broken clouds
2025-02-28 05:35:19,10.76,62,broken clouds
2025-02-28 05:46:59,10.76,62,broken clouds
2025-02-28 05:58:36,10.76,62,broken clouds
2025-02-28 06:45:29,11.76,58,broken clouds
2025-02-28 06:57:06,11.76,58,broken clouds
2025-02-28 07:28:23,11.76,58,broken clouds
2025-02-28 07:39:43,11.76,58,broken clouds
2025-02-28 07:51:23,11.76,58,broken clouds
2025-02-28 08:38:25,10.76,66,scattered clouds
2025-02-28 08:51:02,10.76,66,scattered clouds
2025-02-28 09:30:59,9.76,71,clear sky
2025-02-28 09:42:33,9.76,71,clear sky
2025-02-28 09:54:22,9.76,71,clear sky
2025-02-28 10:38:19,4.76,87,clear sky
2025-02-28 10:49:45,4.76,87,clear sky
2025-02-28 11:23:06,4.76,100,clear sky
2025-02-28 11:38:29,4.76,100,clear sky
2025-02-28 11:50:17,4.76,100,clear sky
2025-02-28 13:03:39,3.76,100,clear sky
2025-02-28 13:37:35,3.76,100,mist
2025-02-28 13:48:55,3.76,100,mist
2025-02-28 14:34:14,0.76,100,mist
2025-02-28 14:46:05,0.76,100,mist
2025-02-28 14:57:36,0.76,100,mist
2025-02-28 15:33:36,0.76,100,fog
2025-02-28 15:44:58,0.76,100,fog
2025-02-28 15:56:19,0.76,100,fog
2025-02-28 16:43:41,-1.24,100,fog
2025-02-28 16:55:30,-0.24,93,fog
2025-02-28 17:31:33,-0.24,100,fog
2025-02-28 17:42:52,-0.24,100,fog
2025-02-28 17:54:30,-0.24,100,fog
2025-02-28 18:44:05,-1.24,100,fog
2025-02-28 18:55:28,-1.24,100,fog
2025-02-28 19:24:26,-0.24,100,fog
2025-02-28 19:38:52,-0.24,100,fog
2025-02-28 19:50:12,-0.24,100,fog
2025-02-28 20:31:50,-0.24,100,fog
2025-02-28 20:44:38,-0.24,100,fog
2025-02-28 20:55:58,-0.24,100,fog
2025-02-28 21:27:39,3.56,79,overcast clouds
2025-02-28 21:39:28,-1.24,100,fog
2025-02-28 21:51:06,-1.24,100,fog
2025-02-28 22:33:30,-1.24,100,fog
2025-02-28 22:44:51,-0.24,100,fog
2025-02-28 22:56:26,-0.24,93,fog
2025-02-28 23:27:29,-0.24,100,fog
2025-02-28 23:40:05,-0.24,100,fog
2025-02-28 23:51:53,-0.24,100,fog
2025-03-01 03:04:28,8.76,71,mist
2025-03-01 03:48:01,13.76,44,haze
2025-03-01 03:59:33,13.76,44,haze
2025-03-01 04:37:34,12.76,47,haze
2025-03-01 04:49:08,12.76,47,light rain
2025-03-01 05:30:39,11.76,54,light rain
2025-03-01 05:42:12,11.76,54,light rain
2025-03-01 05:53:49,11.76,54,moderate rain
2025-03-01 06:41:55,10.76,82,moderate rain
2025-03-01 06:53:22,10.76,82,broken clouds
2025-03-01 07:25:50,11.76,66,overcast clouds
2025-03-01 07:38:21,11.76,66,haze
2025-03-01 07:50:04,11.76,66,haze
2025-03-01 08:35:29,11.76,62,haze
2025-03-01 08:48:23,11.76,62,haze
2025-03-01 08:59:59,11.76,62,haze
2025-03-01 09:30:06,10.76,71,overcast clouds
2025-03-01 09:41:38,10.76,71,haze
2025-03-01 09:53:12,10.76,71,haze
2025-03-01 10:33:45,9.76,76,broken clouds
2025-03-01 10:45:04,9.76,76,broken clouds
2025-03-01 10:56:31,9.76,76,broken clouds
2025-03-01 11:22:12,7.58,65,overcast clouds
2025-03-01 11:38:48,7.76,81,broken clouds
2025-03-01 11:50:17,7.76,81,broken clouds
2025-03-01 12:59:09,5.76,100,mist
2025-03-01 13:30:41,6.76,93,mist
2025-03-01 13:42:09,6.76,93,mist
2025-03-01 13:53:50,6.76,93,mist
2025-03-01 14:31:50,6.76,87,mist
2025-03-01 14:43:07,6.76,87,mist
2025-03-01 14:54:25,6.76,87,mist
2025-03-01 15:30:42,3.76,100,mist
2025-03-01 15:42:07,3.76,100,mist
2025-03-01 15:53:42,3.76,100,mist
2025-03-01 16:37:24,3.76,100,mist
2025-03-01 16:49:00,3.76,100,mist
2025-03-01 17:27:08,3.76,100,mist
2025-03-01 17:38:34,3.76,100,mist
2025-03-01 17:49:58,3.76,100,mist
2025-03-01 18:38:05,3.76,100,mist
2025-03-01 18:49:50,3.76,100,mist
2025-03-01 19:19:00,4.76,100,mist
2025-03-01 19:30:43,4.76,100,mist
2025-03-01 19:42:26,4.76,100,mist
2025-03-01 19:53:56,4.76,100,mist
2025-03-01 20:28:44,5.76,93,mist
2025-03-01 20:41:23,5.76,93,mist
2025-03-01 20:52:41,5.76,93,mist
2025-03-01 21:27:59,4.76,100,mist
2025-03-01 21:39:35,4.76,100,mist
2025-03-01 21:50:59,4.76,100,mist
2025-03-01 22:31:42,4.76,100,mist
2025-03-01 22:43:09,4.76,100,mist
2025-03-01 22:54:28,4.76,100,mist
2025-03-01 23:27:41,5.76,87,mist
2025-03-01 23:39:37,5.76,87,mist
2025-03-01 23:51:05,5.76,87,mist
2025-03-02 03:01:18,10.76,62,broken clouds
2025-03-02 03:44:19,12.76,54,broken clouds
2025-03-02 03:55:42,12.76,54,broken clouds
2025-03-02 04:36:02,14.76,41,clear sky
2025-03-02 04:47:42,14.76,41,clear sky
2025-03-02 04:59:27,14.76,41,clear sky
2025-03-02 05:34:56,8.99,45,overcast clouds
2025-03-02 05:46:27,13.76,41,clear sky
2025-03-02 05:58:10,13.76,41,clear sky
2025-03-02 06:42:21,13.76,35,moderate rain
2025-03-02 06:53:56,13.76,35,moderate rain
2025-03-02 07:24:37,10.76,62,moderate rain
2025-03-02 07:37:49,10.76,62,moderate rain
2025-03-02 07:49:32,10.76,62,moderate rain
2025-03-02 08:32:32,7.76,93,moderate rain
2025-03-02 08:45:16,7.76,93,moderate rain
2025-03-02 08:57:09,7.76,93,moderate rain
2025-03-02 09:30:31,6.76,100,moderate rain
2025-03-02 09:41:52,6.76,100,moderate rain
2025-03-02 09:53:14,6.76,100,moderate rain
2025-03-02 10:34:18,5.76,93,moderate rain
2025-03-02 10:45:59,5.76,93,moderate rain
2025-03-02 10:57:18,5.76,93,moderate rain
2025-03-02 11:22:41,4.3,82,moderate rain
2025-03-02 11:37:24,4.76,93,moderate rain
2025-03-02 11:49:06,4.76,93,moderate rain
2025-03-02 12:58:05,4.76,87,light rain
2025-03-02 13:30:25,3.76,93,moderate rain
2025-03-02 13:41:53,3.76,93,light rain
2025-03-02 13:53:37,3.76,93,light rain
2025-03-02 14:31:05,2.76,93,moderate rain
2025-03-02 14:42:34,2.76,93,moderate rain
2025-03-02 14:54:12,2.76,93,moderate rain
2025-03-02 15:28:37,2.76,93,moderate rain
2025-03-02 15:40:35,2.76,93,moderate rain
2025-03-02 15:51:55,2.76,93,moderate rain
2025-03-02 16:37:29,2.76,93,moderate rain
2025-03-02 16:48:59,2.76,93,moderate rain
2025-03-02 17:26:31,0.46,100,snow
2025-03-02 17:39:21,2.76,93,moderate rain
2025-03-02 17:50:43,2.76,93,moderate rain
2025-03-02 18:40:39,1.76,100,light rain
2025-03-02 18:52:09,1.76,100,light rain
2025-03-02 19:19:34,0.25,98,snow
2025-03-02 19:35:01,1.76,100,moderate rain
2025-03-02 19:46:31,1.76,100,moderate rain
2025-03-02 19:57:51,1.76,100,moderate rain
2025-03-02 20:29:54,0.76,100,moderate rain
2025-03-02 20:42:41,0.76,100,moderate rain
2025-03-02 20:53:55,0.76,100,light rain
2025-03-02 21:25:50,0.76,100,snow
2025-03-02 21:38:23,0.76,100,snow
2025-03-02 21:49:54,0.76,100,snow
2025-03-02 22:32:02,0.76,100,light snow
2025-03-02 22:43:20,0.76,100,light snow
2025-03-02 22:54:41,0.76,100,overcast clouds
2025-03-02 23:26:19,1.76,93,broken clouds
2025-03-02 23:39:53,1.76,93,mist
2025-03-02 23:51:38,1.76,93,mist
2025-03-03 03:00:58,4.76,65,clear sky
2025-03-03 03:46:40,5.76,56,clear sky
2025-03-03 03:57:54,5.76,56,clear sky
2025-03-03 04:40:43,6.76,57,clear sky
2025-03-03 04:52:18,6.76,57,clear sky
2025-03-03 05:35:17,6.76,57,clear sky
2025-03-03 05:46:48,6.76,57,clear sky
2025-03-03 05:58:20,6.76,57,clear sky
2025-03-03 06:48:19,5.76,52,clear sky
2025-03-03 06:59:26,5.76,52,clear sky
2025-03-03 07:29:46,4.76,52,clear sky
2025-03-03 07:41:17,4.76,52,clear sky
2025-03-03 07:52:51,4.76,52,clear sky
2025-03-03 08:40:11,4.76,52,clear sky
2025-03-03 08:52:40,4.76,52,clear sky
2025-03-03 09:34:33,3.76,52,clear sky
2025-03-03 09:46:12,3.76,52,clear sky
2025-03-03 09:57:44,3.76,52,clear sky
2025-03-03 10:41:32,2.76,56,clear sky
2025-03-03 10:52:57,2.76,56,clear sky
2025-03-03 11:25:52,1.76,55,clear sky
2025-03-03 11:39:33,1.76,55,clear sky
2025-03-03 11:51:18,1.76,55,clear sky
2025-03-03 13:05:31,1.76,51,clear sky
2025-03-03 13:41:07,1.76,51,clear sky
2025-03-03 13:52:43,1.76,51,clear sky
2025-03-03 14:37:44,1.76,48,clear sky
2025-03-03 14:49:30,1.76,48,clear sky
2025-03-03 15:32:51,1.76,51,clear sky
2025-03-03 15:45:33,1.76,51,clear sky
2025-03-03 15:57:02,1.76,51,clear sky
2025-03-03 16:45:23,1.76,55,clear sky
2025-03-03 16:57:00,1.76,55,clear sky
2025-03-03 17:32:46,1.76,51,clear sky
2025-03-03 17:44:26,1.76,51,clear sky
2025-03-03 17:55:52,1.76,51,clear sky
2025-03-03 18:44:16,1.76,51,clear sky
2025-03-03 18:55:28,1.76,51,clear sky
2025-03-03 19:23:25,1.76,55,clear sky
2025-03-03 19:38:15,1.76,55,clear sky
2025-03-03 19:49:37,1.76,55,clear sky
2025-03-03 20:32:04,1.76,55,clear sky
2025-03-03 20:45:34,1.76,55,light snow
2025-03-03 20:57:07,1.76,55,clear sky
2025-03-03 21:30:50,1.76,55,clear sky
2025-03-03 21:43:43,1.76,55,clear sky
2025-03-03 21:54:56,1.76,55,clear sky
2025-03-03 22:35:52,2.76,52,moderate rain
2025-03-03 22:47:12,2.76,52,light rain
2025-03-03 22:58:50,2.76,52,clear sky
2025-03-03 23:28:46,2.76,56,clear sky
2025-03-03 23:40:22,2.76,56,clear sky
2025-03-03 23:52:07,2.76,56,snow
2025-03-04 02:59:41,0.76,100,snow
2025-03-04 03:46:25,0.76,100,snow
2025-03-04 03:57:45,0.76,100,snow
2025-03-04 04:40:28,1.76,100,snow
2025-03-04 04:51:54,1.76,100,snow
2025-03-04 05:33:06,1.76,100,light rain
2025-03-04 05:44:36,1.76,100,light rain
2025-03-04 05:56:06,1.76,100,light rain
2025-03-04 06:46:10,2.76,87,light rain
2025-03-04 06:57:31,2.76,87,light rain
2025-03-04 07:29:20,2.76,93,light rain
2025-03-04 07:41:51,2.76,93,light rain
2025-03-04 07:53:27,2.76,93,broken clouds
2025-03-04 08:40:51,3.76,81,broken clouds
2025-03-04 08:53:26,3.76,81,broken clouds
2025-03-04 09:32:19,3.76,70,broken clouds
2025-03-04 09:43:44,3.76,70,broken clouds
2025-03-04 09:55:09,3.76,70,broken clouds
2025-03-04 10:41:04,2.76,81,broken clouds
2025-03-04 10:52:43,2.76,81,broken clouds
2025-03-04 11:24:42,1.76,87,broken clouds
2025-03-04 11:39:41,1.76,87,broken clouds
2025-03-04 11:51:37,1.76,87,broken clouds
2025-03-04 13:05:15,1.76,87,clear sky
2025-03-04 13:41:17,1.76,80,clear sky
2025-03-04 13:52:39,1.76,80,clear sky
2025-03-04 14:37:38,1.76,75,clear sky
2025-03-04 14:49:25,1.76,75,snow
2025-03-04 15:33:30,1.76,75,light snow
2025-03-04 15:46:29,1.76,75,clear sky
2025-03-04 15:58:16,1.76,75,light snow
2025-03-04 16:47:23,1.76,75,clear sky
2025-03-04 16:58:41,1.76,75,clear sky
2025-03-04 17:33:07,1.76,75,clear sky
2025-03-04 17:44:34,1.76,75,clear sky
2025-03-04 17:56:01,1.76,75,clear sky
2025-03-04 18:47:00,1.76,75,clear sky
2025-03-04 18:58:20,1.76,75,clear sky
2025-03-04 19:23:18,1.76,75,clear sky
2025-03-04 19:38:20,1.76,75,clear sky
2025-03-04 19:49:44,1.76,75,clear sky
2025-03-04 20:31:20,1.76,75,clear sky
2025-03-04 20:43:30,1.76,75,clear sky
2025-03-04 20:55:11,1.76,75,light snow
2025-03-04 21:28:54,1.76,75,clear sky
2025-03-04 21:40:23,1.76,75,clear sky
2025-03-04 21:51:47,1.76,75,clear sky
2025-03-04 22:32:12,1.76,75,snow
2025-03-04 22:43:46,1.76,75,clear sky
2025-03-04 22:55:22,1.76,75,clear sky
2025-03-04 23:28:15,1.76,75,clear sky
2025-03-04 23:40:07,1.76,75,clear sky
2025-03-04 23:51:53,1.76,75,clear sky
2025-03-05 02:59:26,4.76,65,light rain
2025-03-05 03:45:00,4.76,65,clear sky
2025-03-05 03:56:38,4.76,65,clear sky
2025-03-05 04:38:52,5.76,65,clear sky
2025-03-05 04:50:44,5.76,65,clear sky
2025-03-05 05:34:34,6.76,61,clear sky
2025-03-05 05:46:08,6.76,61,clear sky
2025-03-05 05:57:45,6.76,61,clear sky
2025-03-05 06:46:32,7.76,57,broken clouds
2025-03-05 06:58:10,7.76,57,broken clouds
2025-03-05 07:30:26,7.76,57,broken clouds
2025-03-05 07:42:21,7.76,57,broken clouds
2025-03-05 07:53:46,7.76,57,broken clouds
2025-03-05 08:41:58,7.76,57,clear sky
2025-03-05 08:53:56,7.76,57,clear sky
2025-03-05 09:32:41,6.76,61,clear sky
2025-03-05 09:44:15,6.76,61,clear sky
2025-03-05 09:55:55,6.76,61,clear sky
2025-03-05 10:40:10,4.76,65,few clouds
2025-03-05 10:51:28,4.76,65,few clouds
2025-03-05 11:24:32,3.76,75,few clouds
2025-03-05 11:39:23,3.76,75,few clouds
2025-03-05 11:50:58,3.76,75,few clouds
2025-03-05 13:14:16,4.88,48,clear sky
2025-03-05 13:42:01,1.76,93,clear sky
2025-03-05 13:53:28,1.76,93,clear sky
2025-03-05 14:37:35,1.76,87,clear sky
2025-03-05 14:49:03,1.76,87,clear sky
2025-03-05 15:32:04,0.76,80,clear sky
2025-03-05 15:45:35,0.76,80,clear sky
2025-03-05 15:57:08,0.76,80,clear sky
2025-03-05 16:53:31,-0.24,80,clear sky
2025-03-05 17:32:23,-1.24,93,clear sky
2025-03-05 17:44:04,-1.24,93,clear sky
2025-03-05 17:55:46,-1.24,93,clear sky
2025-03-05 18:47:32,-2.24,93,clear sky
2025-03-05 18:59:00,-2.24,93,clear sky
2025-03-05 19:24:25,1.91,54,clear sky
2025-03-05 19:40:03,-2.24,86,clear sky
2025-03-05 19:51:51,-2.24,86,clear sky
2025-03-05 20:32:26,-1.24,80,clear sky
2025-03-05 20:45:21,-1.24,80,clear sky
2025-03-05 20:56:43,-1.24,80,clear sky
2025-03-05 21:29:22,-3.24,86,clear sky
2025-03-05 21:40:43,-3.24,86,clear sky
2025-03-05 21:52:20,-3.24,86,clear sky
2025-03-05 22:35:10,-1.24,86,clear sky
2025-03-05 22:46:49,-1.24,86,clear sky
2025-03-05 22:58:11,-1.24,86,clear sky
2025-03-05 23:30:19,-0.24,80,clear sky
2025-03-05 23:41:56,-0.24,80,clear sky
2025-03-05 23:53:42,-0.24,80,clear sky
2025-03-06 03:00:40,5.76,56,clear sky
2025-03-06 03:45:46,6.76,53,clear sky
2025-03-06 03:57:05,6.76,53,clear sky
2025-03-06 04:40:54,7.76,46,clear sky
2025-03-06 04:52:24,7.76,46,clear sky
2025-03-06 05:33:53,8.76,40,clear sky
2025-03-06 05:45:43,8.76,40,clear sky
2025-03-06 05:57:13,8.76,40,clear sky
2025-03-06 06:46:39,8.76,40,clear sky
2025-03-06 06:58:02,8.76,40,clear sky
2025-03-06 07:25:30,9.76,37,clear sky
2025-03-06 07:39:48,9.76,37,clear sky
2025-03-06 07:51:25,9.76,37,clear sky
2025-03-06 08:15:58,8.76,40,clear sky
2025-03-06 08:39:12,8.76,40,clear sky
2025-03-06 08:52:22,8.76,40,clear sky
2025-03-06 09:15:14,6.76,53,clear sky
2025-03-06 09:33:28,6.76,53,clear sky
2025-03-06 09:44:52,6.76,53,clear sky
2025-03-06 09:56:39,6.76,53,clear sky
2025-03-06 10:26:01,7.77,30,scattered clouds
2025-03-06 10:44:13,5.76,45,clear sky
2025-03-06 10:55:56,5.76,45,clear sky
2025-03-06 11:17:32,4.76,45,clear sky
2025-03-06 11:29:09,4.76,45,clear sky
2025-03-06 11:40:56,4.76,45,clear sky
2025-03-06 11:52:15,4.76,45,clear sky
2025-03-06 12:27:31,2.76,52,clear sky
2025-03-06 13:02:15,2.76,52,clear sky
2025-03-06 13:32:02,2.76,52,clear sky
2025-03-06 13:44:48,2.76,52,clear sky
2025-03-06 13:56:31,2.76,52,clear sky
2025-03-06 14:22:26,-0.24,64,clear sky
2025-03-06 14:40:13,-0.24,64,clear sky
2025-03-06 14:51:48,-0.24,64,clear sky
2025-03-06 15:13:42,-0.24,64,clear sky
2025-03-06 15:33:23,0.76,60,clear sky
2025-03-06 15:46:04,0.76,60,clear sky
2025-03-06 15:57:37,0.76,60,clear sky
2025-03-06 16:30:39,-1.24,74,clear sky
2025-03-06 16:48:47,-1.24,74,clear sky
2025-03-06 17:00:18,-1.24,74,clear sky
2025-03-06 17:24:20,-2.24,86,clear sky
2025-03-06 17:38:59,-2.24,86,clear sky
2025-03-06 17:50:51,-2.24,86,clear sky
2025-03-06 18:14:47,2.95,42,clear sky
2025-03-06 18:40:40,-2.24,86,clear sky
2025-03-06 18:52:17,-2.24,86,clear sky
2025-03-06 19:11:12,2.76,40,clear sky
2025-03-06 19:24:33,2.76,40,clear sky
2025-03-06 19:37:23,-3.24,86,mist
2025-03-06 19:48:53,-3.24,86,mist
2025-03-06 20:00:34,-3.24,86,mist
2025-03-06 20:27:02,-2.24,86,clear sky
2025-03-06 20:41:41,2.07,41,clear sky
2025-03-06 20:53:17,-2.24,86,mist
2025-03-06 21:15:13,-2.24,86,mist
2025-03-06 21:30:20,-3.24,93,clear sky
2025-03-06 21:41:56,-3.24,93,mist
2025-03-06 21:53:20,-3.24,93,mist
2025-03-06 22:15:01,1.82,43,clear sky
2025-03-06 22:34:32,-2.24,93,mist
2025-03-06 22:46:07,-2.24,93,mist
2025-03-06 22:57:37,-2.24,93,mist
2025-03-06 23:23:02,2.18,45,clear sky
2025-03-06 23:36:05,-1.24,86,mist
2025-03-06 23:47:28,-1.24,86,mist
2025-03-06 23:58:49,-1.24,86,mist
2025-03-07 01:55:13,4.76,56,haze
2025-03-07 02:56:22,7.76,39,haze
2025-03-07 03:30:42,8.76,37,haze
2025-03-07 03:48:35,8.76,37,haze
2025-03-07 03:59:58,8.76,37,haze
2025-03-07 04:29:39,9.76,34,clear sky
2025-03-07 04:44:49,9.76,34,clear sky
2025-03-07 04:56:25,9.76,34,clear sky
2025-03-07 05:22:14,9.76,32,clear sky
2025-03-07 05:38:18,9.76,32,clear sky
2025-03-07 05:49:50,9.76,32,clear sky
2025-03-07 06:13:12,8.36,26,overcast clouds
2025-03-07 06:40:53,9.76,34,clear sky
2025-03-07 06:52:38,9.76,34,clear sky
2025-03-07 07:14:24,9.76,32,clear sky
2025-03-07 07:29:24,9.76,32,clear sky
2025-03-07 07:41:13,9.76,32,clear sky
2025-03-07 07:52:46,9.76,32,clear sky
2025-03-07 08:19:32,7.87,27,overcast clouds
2025-03-07 08:40:15,7.76,42,clear sky
2025-03-07 08:52:03,7.76,42,clear sky
2025-03-07 09:14:21,7.15,28,overcast clouds
2025-03-07 09:32:05,5.76,52,clear sky
2025-03-07 09:43:43,5.76,52,clear sky
2025-03-07 09:55:03,5.76,52,clear sky
2025-03-07 10:20:58,6.62,29,overcast clouds
2025-03-07 10:40:15,3.76,65,clear sky
2025-03-07 10:51:41,3.76,65,clear sky
2025-03-07 11:10:46,3.76,65,clear sky
2025-03-07 11:25:56,3.76,65,clear sky
2025-03-07 11:39:04,3.76,65,clear sky
2025-03-07 11:50:36,3.76,65,clear sky
2025-03-07 12:20:06,6.02,31,overcast clouds
2025-03-07 12:56:09,2.76,60,clear sky
2025-03-07 13:28:00,2.76,70,clear sky
2025-03-07 13:42:13,2.76,70,clear sky
2025-03-07 13:53:39,2.76,70,clear sky
2025-03-07 14:15:40,5.64,35,overcast clouds
2025-03-07 14:35:12,2.76,70,clear sky
2025-03-07 14:46:54,2.76,70,clear sky
2025-03-07 14:58:13,2.76,70,clear sky
2025-03-07 15:25:32,5.31,36,overcast clouds
2025-03-07 15:40:06,2.76,70,broken clouds
2025-03-07 15:51:45,2.76,70,broken clouds
2025-03-07 16:15:47,4.97,37,overcast clouds
2025-03-07 16:39:56,0.76,86,broken clouds
2025-03-07 16:52:40,0.76,86,broken clouds
2025-03-07 17:12:53,0.76,86,broken clouds
2025-03-07 17:30:47,1.76,75,broken clouds
2025-03-07 17:42:10,1.76,75,broken clouds
2025-03-07 17:53:41,1.76,75,broken clouds
2025-03-07 18:23:16,4.33,41,overcast clouds
2025-03-07 18:44:07,2.76,70,broken clouds
2025-03-07 18:55:45,2.76,70,broken clouds
2025-03-07 19:16:41,4.1,44,overcast clouds
2025-03-07 19:28:00,1.76,87,overcast clouds
2025-03-07 19:39:51,1.76,87,haze
2025-03-07 19:51:31,1.76,87,haze
2025-03-07 20:13:38,3.9,48,overcast clouds
2025-03-07 20:31:59,0.76,93,overcast clouds
2025-03-07 20:43:17,0.76,93,haze
2025-03-07 20:54:42,0.76,93,haze
2025-03-07 21:15:25,3.61,51,overcast clouds
2025-03-07 21:26:56,3.61,51,overcast clouds
2025-03-07 21:38:45,0.76,93,mist
2025-03-07 21:50:22,0.76,93,mist
2025-03-07 22:07:40,0.76,93,mist
2025-03-07 22:26:17,3.51,54,overcast clouds
2025-03-07 22:38:03,-0.24,93,mist
2025-03-07 22:49:46,-0.24,93,mist
2025-03-07 23:07:33,-0.24,93,mist
2025-03-07 23:22:00,3.67,53,overcast clouds
2025-03-07 23:34:09,0.76,93,broken clouds
2025-03-07 23:45:41,0.76,93,broken clouds
2025-03-07 23:57:04,0.76,93,broken clouds
2025-03-08 01:25:17,5.76,56,clear sky
2025-03-08 02:09:40,5.76,56,clear sky
2025-03-08 02:36:54,8.76,40,clear sky
2025-03-08 02:49:17,8.76,40,clear sky
2025-03-08 03:07:47,8.76,40,clear sky
2025-03-08 03:26:40,8.76,34,clear sky
2025-03-08 03:38:36,8.76,34,clear sky
2025-03-08 03:49:49,8.76,34,clear sky
2025-03-08 04:08:56,7.19,35,overcast clouds
2025-03-08 04:27:18,9.76,29,clear sky
2025-03-08 04:38:55,9.76,29,clear sky
2025-03-08 04:50:39,9.76,29,clear sky
2025-03-08 05:08:34,7.78,34,overcast clouds
2025-03-08 05:26:13,9.76,25,clear sky
2025-03-08 05:37:36,9.76,25,clear sky
2025-03-08 05:48:55,9.76,25,clear sky
2025-03-08 06:00:48,9.76,25,clear sky
2025-03-08 06:28:00,9.76,29,clear sky
2025-03-08 06:41:10,9.76,29,clear sky
2025-03-08 06:52:40,9.76,29,clear sky
2025-03-08 07:11:32,9.76,29,clear sky
2025-03-08 07:24:17,8.76,46,clear sky
2025-03-08 07:36:17,8.76,46,clear sky
2025-03-08 07:47:51,8.76,46,clear sky
2025-03-08 07:59:22,8.76,46,clear sky
2025-03-08 08:24:40,7.76,49,clear sky
2025-03-08 08:37:17,7.76,49,clear sky
2025-03-08 08:48:33,7.76,49,clear sky
2025-03-08 09:00:07,7.76,49,clear sky
2025-03-08 09:20:04,6.76,57,clear sky
2025-03-08 09:31:26,6.76,57,clear sky
2025-03-08 09:42:45,6.76,57,clear sky
2025-03-08 09:54:12,6.76,57,clear sky
2025-03-08 10:15:04,5.95,55,few clouds
2025-03-08 10:30:23,4.76,70,clear sky
2025-03-08 10:41:51,4.76,70,clear sky
2025-03-08 10:53:07,4.76,70,clear sky
2025-03-08 11:11:38,4.76,70,clear sky
2025-03-08 11:22:49,5.56,59,few clouds
2025-03-08 11:35:45,3.76,75,clear sky
2025-03-08 11:47:26,3.76,75,clear sky
2025-03-08 11:58:45,3.76,75,clear sky
2025-03-08 12:35:24,3.76,81,clear sky
2025-03-08 12:53:26,3.76,81,clear sky
2025-03-08 13:13:57,5.08,65,clear sky
2025-03-08 13:25:37,2.76,93,clear sky
2025-03-08 13:37:06,2.76,93,clear sky
2025-03-08 13:48:42,2.76,93,clear sky
2025-03-08 14:00:00,2.76,93,clear sky
2025-03-08 14:18:44,4.82,69,clear sky
2025-03-08 14:30:19,0.76,100,mist
2025-03-08 14:41:39,0.76,100,mist
2025-03-08 14:53:19,0.76,100,mist
2025-03-08 15:12:52,0.76,100,mist
2025-03-08 15:25:24,4.42,71,clear sky
2025-03-08 15:37:18,0.76,100,mist
2025-03-08 15:48:52,0.76,100,mist
2025-03-08 16:00:11,0.76,100,mist
2025-03-08 16:24:04,-0.24,100,mist
2025-03-08 16:35:47,-0.24,100,mist
2025-03-08 16:47:25,-0.24,100,mist
2025-03-08 16:58:55,-0.24,100,mist
2025-03-08 17:52:14,-1.24,100,mist
2025-03-08 18:14:23,-1.24,100,mist
2025-03-08 18:30:45,-0.24,93,mist
2025-03-08 18:42:17,-1.24,100,mist
2025-03-08 18:53:46,-1.24,100,mist
2025-03-08 19:12:00,-1.24,100,mist
2025-03-08 19:23:22,-2.24,100,mist
2025-03-08 19:35:43,-2.24,100,mist
2025-03-08 19:47:19,-2.24,100,mist
2025-03-08 19:58:35,-2.24,100,mist
2025-03-08 20:19:29,3.2,76,clear sky
2025-03-08 20:31:08,-2.24,100,mist
2025-03-08 20:42:52,-2.24,100,mist
2025-03-08 20:54:10,-2.24,100,mist
2025-03-08 21:14:14,3.06,77,clear sky
2025-03-08 21:25:45,-2.24,100,fog
2025-03-08 21:38:22,-2.24,100,fog
2025-03-08 21:49:34,-2.24,100,fog
2025-03-08 22:04:31,-2.24,100,fog
2025-03-08 22:23:09,-3.24,100,fog
2025-03-08 22:35:34,-3.24,100,fog
2025-03-08 22:47:11,-3.24,100,fog
2025-03-08 22:58:27,-3.24,100,fog
2025-03-08 23:19:15,-2.24,100,fog
2025-03-08 23:30:41,-1.24,100,fog
2025-03-08 23:42:03,-1.24,100,fog
2025-03-08 23:53:27,0.76,100,mist
2025-03-09 01:07:05,1.76,100,mist
2025-03-09 02:08:35,6.76,76,mist
2025-03-09 02:42:26,7.76,66,haze
2025-03-09 02:53:49,7.76,66,haze
2025-03-09 03:16:23,7.76,66,haze
2025-03-09 03:30:45,9.76,57,clear sky
2025-03-09 03:42:22,9.76,57,haze
2025-03-09 03:53:47,9.76,57,haze
2025-03-09 04:16:11,9.35,41,scattered clouds
2025-03-09 04:31:07,10.76,43,clear sky
2025-03-09 04:42:45,10.76,43,clear sky
2025-03-09 04:54:20,10.76,43,clear sky
2025-03-09 05:14:17,10.1,38,scattered clouds
2025-03-09 05:27:33,10.1,38,scattered clouds
2025-03-09 05:39:06,10.76,46,clear sky
2025-03-09 05:50:46,10.76,46,clear sky
2025-03-09 06:12:01,10.61,35,scattered clouds
2025-03-09 06:31:07,11.76,43,clear sky
2025-03-09 06:42:33,11.76,43,clear sky
2025-03-09 06:53:56,11.76,43,clear sky
2025-03-09 07:13:00,11.76,43,clear sky
2025-03-09 07:24:33,11.76,47,clear sky
2025-03-09 07:36:44,11.76,47,clear sky
2025-03-09 07:48:05,11.76,47,clear sky
2025-03-09 07:59:37,11.76,47,clear sky
2025-03-09 08:25:05,10.76,54,clear sky
2025-03-09 08:37:04,10.76,54,clear sky
2025-03-09 08:48:13,10.76,54,clear sky
2025-03-09 08:59:37,10.76,54,clear sky
2025-03-09 09:19:39,9.97,40,clear sky
2025-03-09 09:31:13,8.76,61,clear sky
2025-03-09 09:42:36,8.76,61,few clouds
2025-03-09 09:54:08,8.76,61,few clouds
2025-03-09 10:17:40,9.15,44,clear sky
2025-03-09 10:34:38,5.76,75,haze
2025-03-09 10:45:45,5.76,75,haze
2025-03-09 10:57:20,5.76,75,haze
2025-03-09 11:16:25,5.76,75,haze
2025-03-09 11:27:58,3.76,87,clear sky
2025-03-09 11:39:21,3.76,87,haze
2025-03-09 11:50:49,3.76,87,haze
2025-03-09 12:15:09,7.88,49,clear sky
2025-03-09 12:42:38,2.76,87,mist
2025-03-09 12:56:30,2.76,87,mist
2025-03-09 13:19:25,7.39,51,clear sky
2025-03-09 13:30:37,2.76,93,mist
2025-03-09 13:42:06,2.76,93,mist
2025-03-09 13:53:38,2.76,93,mist
2025-03-09 14:12:29,2.76,93,mist
2025-03-09 14:27:03,1.76,100,mist
2025-03-09 14:38:36,1.76,100,mist
2025-03-09 14:49:53,1.76,100,mist
2025-03-09 15:07:30,1.76,100,mist
2025-03-09 15:24:12,0.76,100,mist
2025-03-09 15:35:37,0.76,100,mist
2025-03-09 15:46:59,0.76,100,mist
2025-03-09 15:58:18,0.76,100,mist
2025-03-09 16:23:27,0.76,93,mist
2025-03-09 16:36:18,0.76,93,mist
2025-03-09 16:47:35,0.76,93,mist
2025-03-09 16:58:55,0.76,93,mist
2025-03-09 17:19:41,5.66,57,clear sky
2025-03-09 17:31:35,-0.24,100,mist
2025-03-09 17:43:02,-0.24,100,mist
2025-03-09 17:54:23,-0.24,100,mist
2025-03-09 18:18:49,5.3,58,few clouds
2025-03-09 18:32:28,-1.24,100,mist
2025-03-09 18:43:49,-1.24,100,mist
2025-03-09 18:55:22,-1.24,100,mist
2025-03-09 19:12:06,5.12,56,broken clouds
2025-03-09 19:23:47,5.12,56,broken clouds
2025-03-09 19:35:22,-2.24,100,mist
2025-03-09 19:46:48,-2.24,100,mist
2025-03-09 19:58:08,-1.24,100,fog
2025-03-09 20:22:14,-0.24,93,fog
2025-03-09 20:34:23,-0.24,93,fog
2025-03-09 20:46:00,-2.24,100,fog
2025-03-09 20:57:30,-2.24,100,fog
2025-03-09 21:19:10,-2.24,100,fog
2025-03-09 21:30:36,-2.24,100,fog
2025-03-09 21:41:54,-2.24,100,fog
2025-03-09 21:53:32,-2.24,100,fog
2025-03-09 22:13:17,-2.24,100,fog
2025-03-09 22:28:02,-2.24,100,fog
2025-03-09 22:39:22,-2.24,100,fog
2025-03-09 22:50:42,-2.24,100,fog
2025-03-09 23:08:35,-2.24,100,fog
2025-03-09 23:21:48,-0.24,100,mist
2025-03-09 23:33:55,-0.24,100,mist
2025-03-09 23:45:15,-0.24,100,mist
2025-03-09 23:56:46,-0.24,100,mist
2025-03-10 01:35:08,8.76,66,haze
2025-03-10 02:24:28,9.42,37,few clouds
2025-03-10 02:47:16,10.76,54,haze
2025-03-10 02:58:50,10.76,54,haze
2025-03-10 03:24:05,12.76,47,clear sky
2025-03-10 03:36:16,12.76,47,haze
2025-03-10 03:47:48,12.76,47,haze
2025-03-10 03:59:13,12.76,47,haze
2025-03-10 04:24:00,11.4,34,clear sky
2025-03-10 04:38:02,13.76,38,haze
2025-03-10 04:49:43,13.76,38,haze
2025-03-10 05:07:58,11.85,34,clear sky
2025-03-10 05:26:16,13.76,38,clear sky
2025-03-10 05:37:57,13.76,38,haze
2025-03-10 05:49:24,13.76,38,haze
2025-03-10 06:10:28,13.76,38,haze
2025-03-10 06:32:36,12.76,41,haze
2025-03-10 06:44:09,12.76,41,haze
2025-03-10 06:55:50,12.76,41,haze
2025-03-10 07:18:50,11.18,39,clear sky
2025-03-10 07:30:05,12.76,38,clear sky
2025-03-10 07:41:38,12.76,38,haze
2025-03-10 07:52:59,12.76,38,haze
2025-03-10 08:17:29,10.4,42,clear sky
2025-03-10 08:33:33,11.76,40,haze
2025-03-10 08:45:07,11.76,40,haze
2025-03-10 08:56:49,11.76,40,haze
2025-03-10 09:21:36,9.42,45,clear sky
2025-03-10 09:33:38,9.76,46,haze
2025-03-10 09:45:03,9.76,46,haze
2025-03-10 09:56:20,9.76,46,haze
2025-03-10 10:21:20,8.68,48,clear sky
2025-03-10 10:36:06,6.76,65,haze
2025-03-10 10:47:56,6.76,65,haze
2025-03-10 10:59:28,6.76,65,haze
2025-03-10 11:18:36,8.18,51,clear sky
2025-03-10 11:30:08,5.76,70,haze
2025-03-10 11:41:40,5.76,70,haze
2025-03-10 11:53:13,5.76,70,haze
2025-03-10 12:32:47,4.76,75,haze
2025-03-10 13:04:40,4.76,75,haze
2025-03-10 13:34:40,3.76,75,clear sky
2025-03-10 13:47:07,3.76,75,haze
2025-03-10 13:58:35,3.76,75,haze
2025-03-10 14:25:54,0.76,93,clear sky
2025-03-10 14:43:38,0.76,93,haze
2025-03-10 14:55:07,0.76,93,haze
2025-03-10 15:22:52,6.53,58,clear sky
2025-03-10 15:36:57,0.76,100,mist
2025-03-10 15:48:20,0.76,100,mist
2025-03-10 15:59:48,0.76,100,mist
2025-03-10 16:30:24,0.76,93,mist
2025-03-10 16:49:54,0.76,93,mist
2025-03-10 17:08:18,5.79,61,clear sky
2025-03-10 17:29:49,-0.24,100,mist
2025-03-10 17:42:21,-0.24,100,mist
2025-03-10 17:53:44,-0.24,100,mist
2025-03-10 18:21:51,-0.24,100,mist
2025-03-10 18:43:08,-0.24,100,mist
2025-03-10 18:54:48,-0.24,100,mist
2025-03-10 19:16:11,-0.24,100,mist
2025-03-10 19:28:05,-1.24,100,mist
2025-03-10 19:39:41,-1.24,100,mist
2025-03-10 19:51:15,-1.24,100,mist
2025-03-10 20:13:12,5.15,60,overcast clouds
2025-03-10 20:32:22,-0.24,100,mist
2025-03-10 20:44:27,-0.24,100,mist
2025-03-10 20:56:03,-0.24,100,mist
2025-03-10 21:20:17,5.05,60,overcast clouds
2025-03-10 21:33:22,-0.24,100,mist
2025-03-10 21:44:43,-0.24,100,mist
2025-03-10 21:56:31,-0.24,100,mist
2025-03-10 22:21:55,-0.24,100,mist
2025-03-10 22:38:16,-0.24,100,mist
2025-03-10 22:49:56,-0.24,100,mist
2025-03-10 23:08:59,-0.24,100,mist
2025-03-10 23:27:28,0.76,100,mist
2025-03-10 23:40:00,0.76,100,mist
2025-03-10 23:51:49,0.76,100,mist
2025-03-11 01:02:43,5.76,81,mist
2025-03-11 02:34:08,11.76,47,haze
2025-03-11 03:16:14,10.81,31,scattered clouds
2025-03-11 03:42:26,12.76,47,haze
2025-03-11 03:53:44,12.76,47,haze
2025-03-11 04:21:09,12.01,28,scattered clouds
2025-03-11 04:40:07,13.76,44,clear sky
2025-03-11 04:51:35,13.76,44,clear sky
2025-03-11 05:12:59,12.65,26,few clouds
2025-03-11 05:32:51,14.76,41,clear sky
2025-03-11 05:44:17,14.76,41,clear sky
2025-03-11 05:55:51,14.76,41,clear sky
2025-03-11 06:30:51,14.76,38,clear sky
2025-03-11 06:49:03,14.76,38,clear sky
2025-03-11 07:07:54,14.76,38,clear sky
2025-03-11 07:26:42,13.76,47,clear sky
2025-03-11 07:39:05,13.76,47,clear sky
2025-03-11 07:50:43,13.76,47,clear sky
2025-03-11 08:14:38,13.48,26,clear sky
2025-03-11 08:39:12,12.76,50,clear sky
2025-03-11 08:52:06,12.76,50,clear sky
2025-03-11 09:15:13,12.76,50,clear sky
2025-03-11 09:33:20,10.76,54,clear sky
2025-03-11 09:45:05,10.76,54,clear sky
2025-03-11 09:56:25,10.76,54,clear sky
2025-03-11 10:25:27,8.76,61,clear sky
2025-03-11 10:43:47,8.76,61,clear sky
2025-03-11 10:55:33,8.76,61,clear sky
2025-03-11 11:17:56,10.38,40,clear sky
2025-03-11 11:29:21,6.76,65,clear sky
2025-03-11 11:40:52,6.76,65,clear sky
2025-03-11 11:52:16,6.76,65,clear sky
2025-03-11 12:28:36,5.76,70,clear sky
2025-03-11 13:03:41,5.76,70,clear sky
2025-03-11 13:33:41,4.76,75,clear sky
2025-03-11 13:46:22,4.76,75,clear sky
2025-03-11 13:57:57,4.76,75,clear sky
2025-03-11 14:25:48,4.76,81,clear sky
2025-03-11 14:43:45,4.76,81,clear sky
2025-03-11 14:55:29,4.76,81,clear sky
2025-03-11 15:23:31,3.76,87,clear sky
2025-03-11 15:40:23,3.76,87,clear sky
2025-03-11 15:51:55,3.76,87,clear sky
2025-03-11 16:17:14,8.33,46,overcast clouds
2025-03-11 16:42:58,3.76,93,clear sky
2025-03-11 16:55:53,3.76,93,clear sky
2025-03-11 17:19:50,7.84,48,overcast clouds
2025-03-11 17:37:08,3.76,93,clear sky
2025-03-11 17:48:40,3.76,93,clear sky
2025-03-11 18:00:13,3.76,93,clear sky
2025-03-11 18:35:28,3.76,93,mist
2025-03-11 18:50:55,3.76,93,mist
2025-03-11 19:09:23,3.76,93,mist
2025-03-11 19:26:11,7.78,48,overcast clouds
2025-03-11 19:38:58,4.76,81,mist
2025-03-11 19:50:29,4.76,81,mist
2025-03-11 20:11:46,4.76,81,mist
2025-03-11 20:31:36,4.76,93,mist
2025-03-11 20:44:02,4.76,93,mist
2025-03-11 20:55:38,4.76,93,mist
2025-03-11 21:16:17,7.4,51,overcast clouds
2025-03-11 21:27:43,3.76,93,mist
2025-03-11 21:39:11,3.76,93,mist
2025-03-11 21:50:59,3.76,93,mist
2025-03-11 22:10:34,3.76,93,mist
2025-03-11 22:31:54,4.76,93,overcast clouds
2025-03-11 22:43:27,4.76,93,mist
2025-03-11 22:54:50,4.76,93,mist
2025-03-11 23:18:04,7.61,50,overcast clouds
2025-03-11 23:30:25,6.76,76,mist
2025-03-11 23:42:06,6.76,76,mist
2025-03-11 23:53:32,6.76,76,mist
2025-03-12 01:17:36,9.66,43,scattered clouds
2025-03-12 02:36:27,9.76,57,haze
2025-03-12 03:15:36,9.76,57,haze
2025-03-12 03:41:09,11.76,47,haze
2025-03-12 03:52:55,11.76,47,haze
2025-03-12 04:18:31,11.78,40,haze
2025-03-12 04:40:37,10.76,54,haze
2025-03-12 04:52:16,10.76,54,haze
2025-03-12 05:13:49,10.76,54,haze
2025-03-12 05:33:14,9.76,57,haze
2025-03-12 05:44:47,9.76,57,haze
2025-03-12 05:56:21,9.76,57,haze
2025-03-12 06:32:17,9.76,71,overcast clouds
2025-03-12 06:50:34,9.76,71,overcast clouds
2025-03-12 07:10:57,9.76,71,overcast clouds
2025-03-12 07:29:18,7.76,100,mist
2025-03-12 07:41:08,7.76,100,mist
2025-03-12 07:52:44,7.76,100,mist
2025-03-12 08:20:23,7.76,100,mist
2025-03-12 08:41:42,7.76,100,light intensity drizzle
2025-03-12 08:53:50,7.76,100,light intensity drizzle
2025-03-12 09:18:49,8.78,87,mist
2025-03-12 09:36:30,6.76,100,mist
2025-03-12 09:47:54,6.76,100,mist
2025-03-12 09:59:19,6.76,100,mist
2025-03-12 10:28:02,6.76,100,mist
2025-03-12 10:44:30,6.76,100,mist
2025-03-12 10:55:45,6.76,100,mist
2025-03-12 11:17:47,7.87,86,overcast clouds
2025-03-12 11:29:04,6.76,100,mist
2025-03-12 11:40:31,6.76,100,mist
2025-03-12 11:52:17,6.76,100,mist
2025-03-12 12:28:00,6.76,100,mist
2025-03-12 13:03:16,6.76,100,mist
2025-03-12 13:33:45,5.76,100,mist
2025-03-12 13:46:10,5.76,100,mist
2025-03-12 13:57:34,5.76,100,mist
2025-03-12 14:25:02,6.61,90,overcast clouds
2025-03-12 14:42:48,5.76,100,mist
2025-03-12 14:54:25,5.76,100,mist
2025-03-12 15:20:46,6.38,86,overcast clouds
2025-03-12 15:38:54,3.76,100,mist
2025-03-12 15:50:36,3.76,100,mist
2025-03-12 16:13:40,3.76,100,mist
2025-03-12 16:41:42,4.76,100,mist
2025-03-12 16:54:20,4.76,100,mist
2025-03-12 17:16:41,5.91,69,overcast clouds
2025-03-12 17:34:23,3.76,100,mist
2025-03-12 17:45:52,3.76,100,mist
2025-03-12 17:57:37,3.76,100,mist
2025-03-12 18:33:56,2.76,100,mist
2025-03-12 18:50:20,2.76,100,mist
2025-03-12 19:08:20,2.76,100,mist
2025-03-12 19:23:29,2.76,100,fog
2025-03-12 19:36:26,2.76,100,fog
2025-03-12 19:47:54,2.76,100,fog
2025-03-12 19:59:30,2.76,100,fog
2025-03-12 20:27:11,1.76,100,fog
2025-03-12 20:42:13,1.76,100,fog
2025-03-12 20:53:48,1.76,100,fog
2025-03-12 21:16:04,1.76,100,fog
2025-03-12 21:31:09,1.76,100,fog
2025-03-12 21:43:03,1.76,100,fog
2025-03-12 21:54:19,1.76,100,fog
2025-03-12 22:17:28,5.14,72,overcast clouds
2025-03-12 22:36:18,1.76,100,fog
2025-03-12 22:47:35,1.76,100,fog
2025-03-12 22:59:02,1.76,100,fog
2025-03-12 23:24:55,5.75,64,overcast clouds
2025-03-12 23:38:56,1.76,100,fog
2025-03-12 23:50:09,1.76,100,fog
2025-03-13 00:48:31,2.76,100,fog
2025-03-13 02:15:18,6.76,81,few clouds
2025-03-13 03:05:28,10.76,54,haze
2025-03-13 03:40:58,11.76,26,haze
2025-03-13 03:54:52,11.76,26,haze
2025-03-13 04:23:42,11.75,13,overcast clouds
2025-03-13 04:43:35,12.76,28,haze
2025-03-13 04:55:01,12.76,28,haze
2025-03-13 05:19:31,13.01,11,overcast clouds
2025-03-13 05:37:22,13.76,21,haze
2025-03-13 05:49:03,13.76,21,haze
2025-03-13 06:11:13,13.98,10,overcast clouds
2025-03-13 06:40:18,14.76,20,sand
2025-03-13 06:52:34,14.76,20,sand
2025-03-13 07:14:24,14.76,20,sand
2025-03-13 07:29:39,14.76,25,sand
2025-03-13 07:41:09,14.76,25,sand
2025-03-13 07:52:44,14.76,25,sand
2025-03-13 08:20:43,14.28,13,overcast clouds
2025-03-13 08:42:33,13.76,26,sand
2025-03-13 08:55:37,13.76,26,sand
2025-03-13 09:22:54,11.76,30,clear sky
2025-03-13 09:38:35,11.76,30,clear sky
2025-03-13 09:50:13,11.76,30,clear sky
2025-03-13 10:11:25,12.56,16,broken clouds
2025-03-13 10:36:22,8.76,34,clear sky
2025-03-13 10:48:30,8.76,34,clear sky
2025-03-13 11:00:04,8.76,34,clear sky
2025-03-13 11:21:39,4.76,52,clear sky
2025-03-13 11:34:59,4.76,52,clear sky
2025-03-13 11:46:31,4.76,52,clear sky
2025-03-13 11:58:12,4.76,52,clear sky
2025-03-13 12:50:13,5.76,52,clear sky
2025-03-13 13:20:01,10.33,22,broken clouds
2025-03-13 13:40:16,5.76,56,clear sky
2025-03-13 13:51:57,5.76,56,clear sky
2025-03-13 14:13:14,5.76,56,clear sky
2025-03-13 14:35:18,3.76,70,clear sky
2025-03-13 14:47:10,3.76,70,clear sky
2025-03-13 14:58:29,3.76,70,clear sky
2025-03-13 15:27:59,3.76,70,clear sky
2025-03-13 15:43:31,3.76,70,clear sky
2025-03-13 15:55:13,3.76,70,clear sky
2025-03-13 16:26:49,3.76,70,clear sky
2025-03-13 16:49:25,3.76,70,clear sky
2025-03-13 17:05:19,3.76,70,clear sky
2025-03-13 17:27:37,8.34,26,overcast clouds
2025-03-13 17:41:37,7.84,27,overcast clouds
2025-03-13 17:52:54,7.84,27,overcast clouds
2025-03-13 18:21:02,7.84,27,overcast clouds
2025-03-13 18:43:40,7.68,28,scattered clouds
2025-03-13 18:55:14,7.68,28,scattered clouds
2025-03-13 19:16:21,7.68,28,scattered clouds
2025-03-13 19:27:55,7.68,28,scattered clouds
2025-03-13 19:39:41,7.29,29,few clouds
2025-03-13 19:51:20,7.29,29,few clouds
2025-03-13 20:13:43,7.29,29,few clouds
2025-03-13 20:32:15,7.29,29,few clouds
2025-03-13 20:44:30,7.04,29,few clouds
2025-03-13 20:56:01,7.04,29,few clouds
2025-03-13 21:20:55,7.04,29,few clouds
2025-03-13 21:35:00,6.78,30,few clouds
2025-03-13 21:46:30,6.78,30,few clouds
2025-03-13 21:57:47,6.78,30,few clouds
2025-03-13 22:23:31,6.78,30,few clouds
2025-03-13 22:38:48,6.78,30,few clouds
2025-03-13 22:50:13,7.51,28,clear sky
2025-03-13 23:09:40,7.51,28,clear sky
2025-03-13 23:27:21,7.51,28,clear sky
2025-03-13 23:39:38,9.18,24,clear sky
2025-03-13 23:51:12,9.18,24,clear sky
2025-03-14 00:57:08,10.6,21,clear sky
2025-03-14 02:23:12,12.17,20,clear sky
2025-03-14 03:06:21,13.56,18,clear sky
2025-03-14 03:41:11,14.98,17,clear sky
2025-03-14 03:54:53,14.98,17,clear sky
2025-03-14 04:22:50,14.98,17,clear sky
2025-03-14 04:40:52,16.1,16,clear sky
2025-03-14 04:52:25,16.1,16,clear sky
2025-03-14 05:13:53,16.1,16,clear sky
2025-03-14 05:32:42,16.9,16,clear sky
2025-03-14 05:44:23,16.9,16,clear sky
2025-03-14 05:56:03,16.9,16,clear sky
2025-03-14 06:30:44,16.9,16,clear sky
2025-03-14 06:48:15,16.91,16,overcast clouds
2025-03-14 06:59:47,16.95,14,clear sky
2025-03-14 07:24:17,16.95,14,clear sky
2025-03-14 07:36:28,16.83,14,clear sky
2025-03-14 07:48:10,16.83,14,clear sky
2025-03-14 07:59:34,16.83,14,clear sky
2025-03-14 08:31:07,16.83,14,clear sky
2025-03-14 08:46:53,16.46,15,clear sky
2025-03-14 08:58:08,16.46,15,clear sky
2025-03-14 09:25:49,16.46,15,clear sky
2025-03-14 09:39:57,15.52,16,scattered clouds
2025-03-14 09:51:40,15.52,16,scattered clouds
2025-03-14 10:13:59,15.52,16,scattered clouds
2025-03-14 10:36:24,14.64,18,scattered clouds
2025-03-14 10:47:42,14.64,18,scattered clouds
2025-03-14 10:59:05,14.64,18,scattered clouds
2025-03-14 11:20:35,14.64,18,scattered clouds
2025-03-14 11:33:12,13.77,21,broken clouds
2025-03-14 11:44:44,13.77,21,broken clouds
2025-03-14 11:56:14,13.77,21,broken clouds
2025-03-14 12:43:15,13.05,23,overcast clouds
2025-03-14 13:12:22,13.05,23,overcast clouds
2025-03-14 13:33:34,10.76,40,clear sky
2025-03-14 13:45:09,10.76,40,clear sky
2025-03-14 13:56:27,10.76,40,clear sky
2025-03-14 14:21:37,12.51,25,overcast clouds
2025-03-14 14:38:31,8.76,46,clear sky
2025-03-14 14:50:06,8.76,46,clear sky
2025-03-14 15:10:00,11.94,30,overcast clouds
2025-03-14 15:30:57,8.76,49,clear sky
2025-03-14 15:44:13,8.76,49,clear sky
2025-03-14 15:55:33,8.76,49,clear sky
2025-03-14 16:26:02,8.76,46,clear sky
2025-03-14 16:45:17,8.76,46,clear sky
2025-03-14 16:56:59,8.76,46,clear sky
2025-03-14 17:18:28,11.08,40,overcast clouds
2025-03-14 17:31:59,8.76,46,clear sky
2025-03-14 17:43:34,8.76,46,clear sky
2025-03-14 17:55:03,8.76,46,clear sky
2025-03-14 18:27:02,7.76,49,clear sky
2025-03-14 18:46:21,7.76,49,clear sky
2025-03-14 18:57:46,7.76,49,clear sky
2025-03-14 19:20:33,6.76,57,clear sky
2025-03-14 19:32:51,6.76,57,clear sky
2025-03-14 19:44:23,6.76,57,clear sky
2025-03-14 19:55:48,6.76,57,clear sky
2025-03-14 20:22:43,10.08,46,overcast clouds
2025-03-14 20:37:05,10.76,46,clear sky
2025-03-14 20:48:41,10.76,46,clear sky
2025-03-14 21:00:04,10.76,46,clear sky
2025-03-14 21:24:51,9.65,48,overcast clouds
2025-03-14 21:38:47,9.76,50,clear sky
2025-03-14 21:50:05,9.76,50,clear sky
2025-03-14 22:08:55,9.76,50,clear sky
2025-03-14 22:30:44,9.76,43,clear sky
2025-03-14 22:42:41,9.76,43,clear sky
2025-03-14 22:54:24,9.76,43,clear sky
2025-03-14 23:18:47,8.73,53,overcast clouds
2025-03-14 23:33:12,10.76,40,clear sky
2025-03-14 23:44:35,10.76,40,clear sky
2025-03-14 23:56:16,10.76,40,clear sky
2025-03-15 01:47:18,11.76,32,clear sky
2025-03-15 02:44:30,11.27,44,broken clouds
2025-03-15 03:15:16,11.27,44,broken clouds
2025-03-15 03:41:36,14.76,25,clear sky
2025-03-15 03:53:08,14.76,25,clear sky
2025-03-15 04:18:02,12.22,36,overcast clouds
2025-03-15 04:37:04,15.76,23,clear sky
2025-03-15 04:48:30,15.76,23,clear sky
2025-03-15 05:00:13,15.76,23,clear sky
2025-03-15 05:25:01,12.85,33,overcast clouds
2025-03-15 05:39:23,15.76,23,clear sky
2025-03-15 05:50:44,15.76,23,clear sky
2025-03-15 06:14:26,13.1,32,overcast clouds
2025-03-15 06:39:03,15.76,23,clear sky
2025-03-15 06:50:36,15.76,23,clear sky
2025-03-15 07:09:46,15.76,23,clear sky
2025-03-15 07:26:55,13.49,34,overcast clouds
2025-03-15 07:39:07,16.76,23,clear sky
2025-03-15 07:50:47,16.76,23,clear sky
2025-03-15 08:13:10,13.27,35,overcast clouds
2025-03-15 08:34:22,14.76,33,clear sky
2025-03-15 08:46:52,14.76,33,clear sky
2025-03-15 08:58:14,14.76,33,clear sky
2025-03-15 09:22:56,11.76,47,clear sky
2025-03-15 09:35:23,11.76,47,clear sky
2025-03-15 09:47:02,11.76,47,clear sky
2025-03-15 09:58:39,11.76,47,light rain
2025-03-15 10:26:27,12.66,37,overcast clouds
2025-03-15 10:41:33,10.76,50,clear sky
2025-03-15 10:53:05,10.76,50,clear sky
2025-03-15 11:11:44,10.76,50,clear sky
2025-03-15 11:24:13,10.96,48,overcast clouds
2025-03-15 11:36:45,8.76,61,light rain
2025-03-15 11:48:30,8.76,61,clear sky
2025-03-15 12:00:03,8.76,61,clear sky
2025-03-15 12:45:16,8.76,66,clear sky
2025-03-15 13:09:57,8.76,66,clear sky
2025-03-15 13:30:27,8.76,61,light rain
2025-03-15 13:42:06,8.76,61,light rain
2025-03-15 13:53:47,8.76,61,light rain
2025-03-15 14:15:59,9.25,61,light rain
2025-03-15 14:32:54,8.76,66,clear sky
2025-03-15 14:44:33,8.76,66,clear sky
2025-03-15 14:55:55,8.76,66,light rain
2025-03-15 15:19:52,8.65,61,light rain
2025-03-15 15:33:15,8.76,66,light rain
2025-03-15 15:44:38,8.76,66,light rain
2025-03-15 15:56:09,8.76,66,light rain
2025-03-15 16:25:06,8.76,61,overcast clouds
2025-03-15 16:42:16,8.76,61,light rain
2025-03-15 16:53:26,8.76,61,light rain
2025-03-15 17:13:03,8.76,61,overcast clouds
2025-03-15 17:30:15,6.76,70,light rain
2025-03-15 17:41:26,6.76,70,light rain
2025-03-15 17:53:06,6.76,70,light rain
2025-03-15 18:19:52,7.63,61,light rain
2025-03-15 18:39:34,6.76,76,light rain
2025-03-15 18:51:01,6.76,76,light rain
2025-03-15 19:08:03,6.76,76,light rain
2025-03-15 19:23:35,5.76,81,light rain
2025-03-15 19:35:52,5.76,81,light rain
2025-03-15 19:47:34,5.76,81,light rain
2025-03-15 19:59:14,5.76,81,light rain
2025-03-15 20:24:17,4.76,93,light rain
2025-03-15 20:37:06,4.76,93,light rain
2025-03-15 20:48:47,4.76,93,light rain
2025-03-15 21:00:21,4.76,93,light rain
2025-03-15 21:23:48,4.76,100,light rain
2025-03-15 21:35:59,4.76,100,light rain
2025-03-15 21:47:25,4.76,100,light rain
2025-03-15 21:59:00,4.76,100,light rain
2025-03-15 22:24:56,4.76,100,light rain
2025-03-15 22:39:56,4.76,100,light rain
2025-03-15 22:51:38,4.76,100,light rain
2025-03-15 23:11:27,4.76,100,light rain
2025-03-15 23:27:07,4.76,81,light rain
2025-03-15 23:39:16,4.76,81,light rain
2025-03-15 23:50:51,4.76,81,light rain
2025-03-16 00:58:35,3.76,93,light rain
2025-03-16 02:36:24,4.76,75,overcast clouds
2025-03-16 03:20:38,5.69,34,overcast clouds
2025-03-16 03:46:13,4.76,65,broken clouds
2025-03-16 03:57:29,4.76,65,broken clouds
2025-03-16 04:28:46,6.76,45,broken clouds
2025-03-16 04:45:06,6.76,45,broken clouds
2025-03-16 04:56:25,6.76,45,broken clouds
2025-03-16 05:20:43,6.33,21,overcast clouds
2025-03-16 05:35:52,7.76,36,scattered clouds
2025-03-16 05:47:36,7.76,36,scattered clouds
2025-03-16 05:58:52,7.76,36,scattered clouds
2025-03-16 06:31:49,7.76,34,clear sky
2025-03-16 06:46:12,7.76,34,clear sky
2025-03-16 06:57:31,7.76,34,clear sky
2025-03-16 07:21:00,6.76,29,clear sky
2025-03-16 07:33:22,6.76,29,clear sky
2025-03-16 07:44:56,6.76,29,clear sky
2025-03-16 07:56:34,6.76,29,light rain
2025-03-16 08:26:53,4.76,28,clear sky
2025-03-16 08:42:57,4.76,28,clear sky
2025-03-16 08:54:25,4.76,28,clear sky
2025-03-16 09:17:20,4.65,19,clear sky
2025-03-16 09:30:10,2.76,32,clear sky
2025-03-16 09:41:39,2.76,32,clear sky
2025-03-16 09:53:21,2.76,32,clear sky
2025-03-16 10:15:30,3.29,23,clear sky
2025-03-16 10:35:05,2.76,35,clear sky
2025-03-16 10:46:43,2.76,35,clear sky
2025-03-16 10:58:15,2.76,35,clear sky
2025-03-16 11:19:43,2.86,24,few clouds
2025-03-16 11:31:30,1.76,41,clear sky
2025-03-16 11:43:11,1.76,41,light snow
2025-03-16 11:54:43,1.76,41,clear sky
2025-03-16 12:34:47,1.76,38,snow
2025-03-16 13:00:55,1.76,38,light snow
2025-03-16 13:27:21,0.76,44,clear sky
2025-03-16 13:40:54,0.76,44,clear sky
2025-03-16 13:52:27,0.76,44,clear sky
2025-03-16 14:11:37,2.09,40,overcast clouds
2025-03-16 14:29:44,0.76,47,clear sky
2025-03-16 14:41:17,0.76,47,clear sky
2025-03-16 14:53:02,0.76,47,clear sky
2025-03-16 15:14:41,0.76,47,clear sky
2025-03-16 15:30:10,0.76,47,clear sky
2025-03-16 15:41:48,0.76,47,clear sky
2025-03-16 15:53:43,0.76,47,clear sky
2025-03-16 16:19:12,1.11,28,broken clouds
2025-03-16 16:40:49,0.76,44,clear sky
2025-03-16 16:52:07,0.76,44,clear sky
2025-03-16 17:11:29,0.76,44,clear sky
2025-03-16 17:29:26,0.76,44,clear sky
2025-03-16 17:41:10,0.76,44,clear sky
2025-03-16 17:52:33,0.76,44,clear sky
2025-03-16 18:18:50,0.36,26,broken clouds
2025-03-16 18:40:31,-0.24,51,clear sky
2025-03-16 18:51:55,-0.24,51,clear sky
2025-03-16 19:09:47,-0.24,51,clear sky
2025-03-16 19:22:39,-1.24,51,clear sky
2025-03-16 19:35:24,-1.24,51,clear sky
2025-03-16 19:47:10,-1.24,51,clear sky
2025-03-16 19:58:54,-1.24,51,clear sky
2025-03-16 20:25:20,-2.24,50,clear sky
2025-03-16 20:39:44,-2.24,50,clear sky
2025-03-16 20:51:23,-2.24,50,clear sky
2025-03-16 21:10:21,-0.61,29,clear sky
2025-03-16 21:26:13,-0.61,29,clear sky
2025-03-16 21:38:19,-1.24,47,clear sky
2025-03-16 21:49:50,-1.24,47,clear sky
2025-03-16 22:08:00,-1.24,47,clear sky
2025-03-16 22:29:24,-1.24,51,clear sky
2025-03-16 22:41:16,-1.24,51,clear sky
2025-03-16 22:52:54,-1.24,51,clear sky
2025-03-16 23:14:37,-1.24,51,clear sky
2025-03-16 23:31:21,0.76,44,clear sky
2025-03-16 23:43:04,0.76,44,clear sky
2025-03-16 23:54:16,0.76,44,clear sky
2025-03-17 01:26:25,2.76,30,clear sky
2025-03-17 02:47:51,4.76,26,clear sky
2025-03-17 03:22:07,5.76,26,clear sky
2025-03-17 03:47:23,5.76,26,clear sky
2025-03-17 03:58:50,5.76,26,clear sky
2025-03-17 04:29:30,4.76,28,clear sky
2025-03-17 04:46:16,4.76,28,clear sky
2025-03-17 04:57:45,4.76,28,clear sky
2025-03-17 05:25:02,5.76,31,clear sky
2025-03-17 05:40:47,5.76,31,clear sky
2025-03-17 05:52:15,5.76,31,clear sky
2025-03-17 06:20:53,4.42,23,overcast clouds
2025-03-17 06:44:31,5.76,33,clear sky
2025-03-17 06:55:51,5.76,33,clear sky
2025-03-17 07:22:18,4.76,36,clear sky
2025-03-17 07:36:20,4.76,36,clear sky
2025-03-17 07:47:51,4.76,36,clear sky
2025-03-17 07:59:14,4.76,36,clear sky
2025-03-17 08:33:02,4.76,42,clear sky
2025-03-17 08:49:31,4.76,42,clear sky
2025-03-17 09:10:30,4.76,42,clear sky
2025-03-17 09:32:00,3.76,41,clear sky
2025-03-17 09:44:14,3.76,41,clear sky
2025-03-17 09:55:38,3.76,41,clear sky
2025-03-17 10:24:13,2.76,48,clear sky
2025-03-17 10:43:11,2.76,48,clear sky
2025-03-17 10:54:48,2.76,48,clear sky
2025-03-17 11:16:25,3.29,47,overcast clouds
2025-03-17 11:28:38,3.76,52,overcast clouds
2025-03-17 11:40:18,3.76,52,overcast clouds
2025-03-17 11:52:08,3.76,52,overcast clouds
2025-03-17 12:28:34,3.76,52,overcast clouds
2025-03-17 13:04:19,3.76,52,overcast clouds
2025-03-17 13:35:26,3.76,52,light rain
2025-03-17 13:48:11,3.76,52,light rain
2025-03-17 13:59:48,3.76,52,light rain
2025-03-17 14:27:07,2.12,65,light rain
2025-03-17 14:44:19,0.76,93,snow
2025-03-17 14:55:50,0.76,93,light snow
2025-03-17 15:24:03,-0.24,100,snow
2025-03-17 15:40:30,-0.24,100,snow
2025-03-17 15:52:08,-0.24,100,snow
2025-03-17 16:18:06,-0.24,100,snow
2025-03-17 16:43:13,-0.24,100,snow
2025-03-17 16:55:36,-0.24,100,snow
2025-03-17 17:18:58,-0.24,100,snow
2025-03-17 17:35:41,0.76,100,snow
2025-03-17 17:47:23,0.76,100,snow
2025-03-17 17:58:59,0.76,100,snow
2025-03-17 18:33:07,0.76,100,snow
2025-03-17 18:48:41,0.76,100,snow
2025-03-17 19:00:16,0.76,100,light snow
2025-03-17 19:20:14,0.76,100,snow
2025-03-17 19:32:52,-0.24,100,light snow
2025-03-17 19:44:39,-0.24,100,light snow
2025-03-17 19:56:15,-0.24,100,light snow
2025-03-17 20:24:45,0.76,100,snow
2025-03-17 20:40:19,0.76,100,snow
2025-03-17 20:51:57,0.76,100,snow
2025-03-17 21:12:40,0.76,100,snow
2025-03-17 21:29:43,0.76,93,light snow
2025-03-17 21:41:27,0.76,93,light snow
2025-03-17 21:53:11,0.76,93,light snow
2025-03-17 22:16:17,0.76,93,light snow
2025-03-17 22:36:37,0.76,100,light snow
2025-03-17 22:48:00,0.76,100,light snow
2025-03-17 22:59:40,0.76,93,snow
2025-03-17 23:23:57,0.76,93,snow
2025-03-17 23:37:23,0.76,100,snow
2025-03-17 23:48:27,0.76,100,snow
2025-03-17 23:59:57,-0.24,100,snow
2025-03-18 01:57:27,1.76,87,mist
2025-03-18 03:02:05,1.76,87,light snow
2025-03-18 03:37:16,2.76,81,broken clouds
2025-03-18 03:52:51,2.76,81,mist
2025-03-18 04:18:48,2.78,81,snow
2025-03-18 04:39:37,3.76,60,mist
2025-03-18 04:51:55,3.76,60,snow
2025-03-18 05:13:43,3.76,60,snow
2025-03-18 05:33:44,5.76,52,snow
2025-03-18 05:45:19,5.76,52,light snow
2025-03-18 05:57:00,5.76,52,broken clouds
2025-03-18 06:34:27,4.76,56,broken clouds
2025-03-18 06:50:50,4.76,56,broken clouds
2025-03-18 07:11:52,4.76,56,broken clouds
2025-03-18 07:29:54,5.76,49,light snow
2025-03-18 07:42:34,5.76,49,light snow
2025-03-18 07:53:58,5.76,49,light rain
2025-03-18 08:23:35,5.78,39,broken clouds
2025-03-18 08:44:23,5.76,42,scattered clouds
2025-03-18 08:56:00,5.76,42,scattered clouds
2025-03-18 09:24:57,3.76,48,clear sky
2025-03-18 09:41:24,3.76,48,clear sky
2025-03-18 09:52:38,3.76,48,clear sky
2025-03-18 10:16:11,3.76,48,clear sky
2025-03-18 10:39:19,1.76,51,clear sky
2025-03-18 10:50:47,1.76,51,clear sky
2025-03-18 11:09:49,2.78,65,haze
2025-03-18 11:26:14,0.76,55,haze
2025-03-18 11:39:09,0.76,55,clear sky
2025-03-18 11:50:29,0.76,55,clear sky
2025-03-18 12:20:20,2.61,34,light rain
2025-03-18 12:59:26,0.76,55,clear sky
2025-03-18 13:33:07,-0.24,55,clear sky
2025-03-18 13:47:02,-0.24,55,clear sky
2025-03-18 13:58:23,-0.24,55,clear sky
2025-03-18 14:26:08,0.76,51,clear sky
2025-03-18 14:43:39,0.76,51,clear sky
2025-03-18 14:55:24,0.76,51,clear sky
2025-03-18 15:23:40,1.07,36,overcast clouds
2025-03-18 15:40:33,-0.24,55,clear sky
2025-03-18 15:52:34,-0.24,55,clear sky
2025-03-18 16:19:18,-2.24,69,clear sky
2025-03-18 16:43:12,-2.24,69,clear sky
2025-03-18 16:55:29,-2.24,69,clear sky
2025-03-18 17:18:45,-3.24,74,clear sky
2025-03-18 17:35:50,-3.24,74,clear sky
2025-03-18 17:47:38,-3.24,74,clear sky
2025-03-18 17:59:07,-3.24,74,clear sky
2025-03-18 18:35:17,-3.24,80,clear sky
2025-03-18 18:51:16,-3.24,80,clear sky
2025-03-18 19:09:45,-0.01,40,clear sky
2025-03-18 19:24:28,-0.01,40,clear sky
2025-03-18 19:37:14,-3.24,86,clear sky
2025-03-18 19:48:50,-3.24,86,clear sky
2025-03-18 20:00:32,-3.24,86,clear sky
2025-03-18 20:26:55,-0.18,36,clear sky
2025-03-18 20:41:46,-5.24,93,clear sky
2025-03-18 20:53:18,-5.24,93,clear sky
2025-03-18 21:15:02,-0.47,33,clear sky
2025-03-18 21:30:17,-5.24,93,clear sky
2025-03-18 21:41:37,-5.24,93,clear sky
2025-03-18 21:52:58,-5.24,93,clear sky
2025-03-18 22:14:40,-0.6,31,clear sky
2025-03-18 22:34:18,-4.24,86,clear sky
2025-03-18 22:45:52,-4.24,86,clear sky
2025-03-18 22:57:35,-4.24,86,clear sky
2025-03-18 23:22:50,-0.26,28,clear sky
2025-03-18 23:35:56,-0.24,64,clear sky
2025-03-18 23:47:31,-0.24,64,clear sky
2025-03-18 23:59:09,-0.24,64,clear sky
2025-03-19 01:56:50,3.76,38,clear sky
2025-03-19 03:01:00,4.76,26,clear sky
2025-03-19 03:36:09,4.76,28,clear sky
2025-03-19 03:51:47,4.76,28,clear sky
2025-03-19 04:16:02,4.69,21,clear sky
2025-03-19 04:38:53,5.76,33,clear sky
2025-03-19 04:51:22,5.76,33,clear sky
2025-03-19 05:12:18,5.76,33,clear sky
2025-03-19 05:32:55,6.76,29,clear sky
2025-03-19 05:44:19,6.76,29,clear sky
2025-03-19 05:56:01,6.76,29,clear sky
2025-03-19 06:31:45,6.76,29,clear sky
2025-03-19 06:50:40,6.76,29,clear sky
2025-03-19 07:10:55,6.76,29,clear sky
2025-03-19 07:29:21,5.23,28,clear sky
2025-03-19 07:41:26,5.76,31,clear sky
2025-03-19 07:52:54,5.76,31,clear sky
2025-03-19 08:20:32,4.69,33,clear sky
2025-03-19 08:43:18,5.76,36,clear sky
2025-03-19 08:55:38,5.76,36,clear sky
2025-03-19 09:23:55,3.76,52,clear sky
2025-03-19 09:41:59,3.76,52,clear sky
2025-03-19 09:53:37,3.76,52,clear sky
2025-03-19 10:18:45,3.72,42,clear sky
2025-03-19 10:39:59,2.76,56,clear sky
2025-03-19 10:51:23,2.76,56,clear sky
2025-03-19 11:10:47,3.55,44,clear sky
2025-03-19 11:26:35,1.76,64,clear sky
2025-03-19 11:38:58,1.76,64,clear sky
2025-03-19 11:50:30,1.76,64,clear sky
2025-03-19 12:20:13,1.76,64,clear sky
2025-03-19 12:58:53,1.76,64,clear sky
2025-03-19 13:32:59,0.76,75,clear sky
2025-03-19 13:46:18,0.76,75,clear sky
2025-03-19 13:57:39,0.76,75,clear sky
2025-03-19 14:25:10,3.28,55,clear sky
2025-03-19 14:43:21,-0.24,74,clear sky
2025-03-19 14:54:53,-0.24,74,clear sky
2025-03-19 15:21:52,3.02,58,clear sky
2025-03-19 15:39:31,1.76,69,mist
2025-03-19 15:51:04,1.76,69,mist
2025-03-19 16:14:49,2.68,61,clear sky
2025-03-19 16:41:37,1.76,75,haze
2025-03-19 16:54:44,1.76,75,haze
2025-03-19 17:18:01,2.45,61,clear sky
2025-03-19 17:35:52,1.76,80,haze
2025-03-19 17:47:23,1.76,80,haze
2025-03-19 17:58:49,1.76,80,haze
2025-03-19 18:34:46,2.76,70,haze
2025-03-19 18:51:11,2.76,70,haze
2025-03-19 19:09:42,2.76,70,haze
2025-03-19 19:24:33,0.76,75,haze
2025-03-19 19:37:24,0.76,75,haze
2025-03-19 19:49:10,0.76,75,haze
2025-03-19 20:08:49,0.76,75,haze
2025-03-19 20:30:48,-0.24,80,haze
2025-03-19 20:43:50,-0.24,80,haze
2025-03-19 20:55:12,-0.24,80,haze
2025-03-19 21:18:50,1.45,61,clear sky
2025-03-19 21:32:48,-1.24,86,mist
2025-03-19 21:44:28,-1.24,86,mist
2025-03-19 21:56:10,-1.24,86,mist
2025-03-19 22:21:43,-0.24,86,mist
2025-03-19 22:38:25,-0.24,86,mist
2025-03-19 22:50:00,-0.24,86,mist
2025-03-19 23:10:19,2.29,59,clear sky
2025-03-19 23:29:28,2.76,75,clear sky
2025-03-19 23:41:49,2.76,75,clear sky
2025-03-19 23:53:18,2.76,75,clear sky
2025-03-20 01:15:52,5.58,59,clear sky
2025-03-20 02:37:32,7.76,71,broken clouds
2025-03-20 03:17:40,9.3,55,clear sky
2025-03-20 03:43:52,10.76,58,scattered clouds
2025-03-20 03:55:24,10.76,58,scattered clouds
2025-03-20 04:25:05,12.76,54,few clouds
2025-03-20 04:43:09,12.76,54,few clouds
2025-03-20 04:54:51,12.76,54,few clouds
2025-03-20 05:19:07,11.41,49,clear sky
2025-03-20 05:36:59,13.76,51,clear sky
2025-03-20 05:48:24,13.76,51,clear sky
2025-03-20 05:59:45,13.76,51,clear sky
2025-03-20 06:34:54,14.76,44,clear sky
2025-03-20 06:50:39,14.76,44,clear sky
2025-03-20 07:11:00,11.3,49,clear sky
2025-03-20 07:28:03,13.76,47,clear sky
2025-03-20 07:39:42,13.76,47,clear sky
2025-03-20 07:51:25,13.76,47,clear sky
2025-03-20 08:17:07,10.44,54,clear sky
2025-03-20 08:40:08,11.76,58,clear sky
2025-03-20 08:52:51,11.76,58,clear sky
2025-03-20 09:17:06,9.29,60,clear sky
2025-03-20 09:35:03,9.76,66,clear sky
2025-03-20 09:46:41,9.76,66,clear sky
2025-03-20 09:58:07,9.76,66,clear sky
2025-03-20 10:29:39,8.76,76,clear sky
2025-03-20 10:44:57,8.76,76,clear sky
2025-03-20 10:56:33,8.76,76,clear sky
2025-03-20 11:19:13,8.76,71,haze
2025-03-20 11:30:52,8.76,71,haze
2025-03-20 11:42:21,8.76,71,haze
2025-03-20 11:53:58,8.76,71,haze
2025-03-20 12:34:11,8.76,71,haze
2025-03-20 13:05:17,8.76,71,haze
2025-03-20 13:33:19,7.76,76,haze
2025-03-20 13:46:20,6.53,83,haze
2025-03-20 13:57:38,6.53,83,haze
2025-03-20 14:25:49,6.53,83,mist
2025-03-20 14:44:09,6.21,86,mist
2025-03-20 14:55:47,6.21,86,mist
2025-03-20 15:24:41,6.21,86,scattered clouds
2025-03-20 15:41:19,6.07,87,mist
2025-03-20 15:52:53,7.76,87,mist
2025-03-20 16:20:08,6.07,87,scattered clouds
2025-03-20 16:43:35,6.03,87,mist
2025-03-20 16:56:13,6.03,87,mist
2025-03-20 17:20:27,6.03,87,scattered clouds
2025-03-20 17:37:17,7.76,87,mist
2025-03-20 17:48:46,6.01,87,mist
2025-03-20 18:00:08,7.76,87,mist
2025-03-20 18:35:03,6.76,100,mist
2025-03-20 18:49:02,6.76,100,mist
2025-03-20 19:01:41,6.76,100,mist
2025-03-20 19:20:53,5.84,88,broken clouds
2025-03-20 19:34:06,6.76,100,mist
2025-03-20 19:45:39,5.58,90,mist
2025-03-20 19:57:09,5.58,90,mist
2025-03-20 20:26:00,5.58,90,broken clouds
2025-03-20 20:41:50,5.26,92,mist
2025-03-20 20:53:12,5.26,92,mist
2025-03-20 21:15:09,5.26,92,broken clouds
2025-03-20 21:30:26,5.26,92,mist
2025-03-20 21:41:47,6.76,100,mist
2025-03-20 21:53:12,5.12,93,mist
2025-03-20 22:15:01,5.12,93,broken clouds
2025-03-20 22:34:15,5.12,93,mist
2025-03-20 22:45:39,6.03,87,mist
2025-03-20 22:57:14,6.03,87,mist
2025-03-20 23:23:52,6.03,87,mist
2025-03-20 23:37:43,7.76,93,mist
2025-03-20 23:48:54,7.45,78,mist
2025-03-21 00:37:02,9.76,76,mist
2025-03-21 02:14:07,10.76,58,few clouds
2025-03-21 03:07:09,12.41,51,haze
2025-03-21 03:42:09,14.24,44,haze
2025-03-21 03:55:22,14.25,44,haze
2025-03-21 04:24:40,14.01,44,scattered clouds
2025-03-21 04:42:43,14.77,40,clear sky
2025-03-21 04:54:08,16.76,42,clear sky
2025-03-21 05:17:18,14.87,39,scattered clouds
2025-03-21 05:35:45,14.67,36,clear sky
2025-03-21 05:47:17,16.76,42,clear sky
2025-03-21 05:58:48,16.76,42,clear sky
2025-03-21 06:35:50,18.31,33,clear sky
2025-03-21 06:52:41,16.76,39,clear sky
2025-03-21 07:14:27,14.2,35,clear sky
2025-03-21 07:29:38,18.32,30,clear sky
2025-03-21 07:41:08,15.76,44,clear sky
2025-03-21 07:52:27,17.82,30,clear sky
2025-03-21 08:18:59,15.76,44,clear sky
2025-03-21 08:39:47,16.28,33,clear sky
2025-03-21 08:53:04,16.26,33,clear sky
2025-03-21 09:16:47,16.27,31,clear sky
2025-03-21 09:34:11,15.92,33,clear sky
2025-03-21 09:45:46,11.96,40,clear sky
2025-03-21 09:57:20,13.76,44,clear sky
2025-03-21 10:26:23,10.76,58,clear sky
2025-03-21 10:43:24,10.31,47,clear sky
2025-03-21 10:54:44,10.76,58,clear sky
2025-03-21 11:16:19,10.39,45,clear sky
2025-03-21 11:28:28,9.89,53,clear sky
2025-03-21 11:41:00,9.15,58,clear sky
2025-03-21 11:52:43,9.15,58,clear sky
2025-03-21 12:29:53,9.32,56,clear sky
2025-03-21 13:02:56,8.76,66,clear sky
2025-03-21 13:32:29,8.68,61,clear sky
2025-03-21 13:45:12,8.18,65,clear sky
2025-03-21 13:56:43,6.76,76,clear sky
2025-03-21 14:22:37,8.18,65,clear sky
2025-03-21 14:39:39,8.18,65,clear sky
2025-03-21 14:51:19,7.8,68,clear sky
2025-03-21 15:12:49,7.8,68,clear sky
2025-03-21 15:32:26,7.8,68,clear sky
2025-03-21 15:44:31,6.76,76,clear sky
2025-03-21 15:56:03,6.76,76,clear sky
2025-03-21 16:28:26,7.56,69,clear sky
2025-03-21 16:48:31,7.41,70,clear sky
2025-03-21 17:00:05,5.76,87,clear sky
2025-03-21 17:24:37,7.41,70,clear sky
2025-03-21 17:39:27,7.15,71,clear sky
2025-03-21 17:51:07,7.15,71,clear sky
2025-03-21 18:15:58,7.15,71,clear sky
2025-03-21 18:41:24,7.08,73,clear sky
2025-03-21 18:53:02,6.76,81,clear sky
2025-03-21 19:11:53,7.08,73,clear sky
2025-03-21 19:23:48,7.08,73,clear sky
2025-03-21 19:37:01,5.76,81,clear sky
2025-03-21 19:48:12,6.91,73,clear sky
2025-03-21 19:59:31,6.91,73,clear sky
2025-03-21 20:25:43,6.91,73,mist
2025-03-21 20:40:38,6.81,72,mist
2025-03-21 20:52:03,4.76,87,mist
2025-03-21 21:12:08,6.81,72,clear sky
2025-03-21 21:28:28,6.81,72,mist
2025-03-21 21:40:05,6.8,70,mist
2025-03-21 21:51:32,6.8,70,mist
2025-03-21 22:12:19,6.8,70,clear sky
2025-03-21 22:33:15,6.8,70,mist
2025-03-21 22:44:41,7.99,64,mist
2025-03-21 22:56:07,6.76,81,mist
2025-03-21 23:20:30,8.76,76,mist
2025-03-21 23:33:03,7.99,64,mist
2025-03-21 23:44:29,9.72,57,mist
2025-03-21 23:56:01,9.72,57,mist
2025-03-22 01:46:23,15.31,43,haze
2025-03-22 02:46:13,18.24,38,haze
2025-03-22 03:20:10,18.39,36,clear sky
2025-03-22 03:46:02,17.76,39,haze
2025-03-22 03:57:24,17.76,39,haze
2025-03-22 04:27:58,20.21,32,haze
2025-03-22 04:45:05,21.52,29,haze
2025-03-22 04:56:28,21.54,29,haze
2025-03-22 05:21:30,21.63,29,clear sky
2025-03-22 05:37:47,21.77,30,clear sky
2025-03-22 05:49:15,21.86,28,clear sky
2025-03-22 06:10:29,18.76,34,clear sky
2025-03-22 06:36:37,22.23,27,clear sky
2025-03-22 06:49:13,22.23,27,clear sky
2025-03-22 07:07:12,22.21,27,clear sky
2025-03-22 07:26:20,17.76,34,clear sky
2025-03-22 07:38:20,20.37,29,clear sky
2025-03-22 07:49:58,17.76,34,clear sky
2025-03-22 08:11:22,20.53,24,clear sky
2025-03-22 08:33:01,18.34,34,clear sky
2025-03-22 08:46:21,18.64,32,clear sky
2025-03-22 08:58:09,18.57,32,clear sky
2025-03-22 09:24:09,18,32,clear sky
2025-03-22 09:38:21,18,32,clear sky
2025-03-22 09:49:45,16.68,38,clear sky
2025-03-22 10:08:54,16.71,31,clear sky
2025-03-22 10:33:32,16.03,38,clear sky
2025-03-22 10:46:25,12.11,43,clear sky
2025-03-22 10:57:55,11.95,44,clear sky
2025-03-22 11:19:03,11.11,57,clear sky
2025-03-22 11:30:41,11.76,54,clear sky
2025-03-22 11:42:13,11.31,54,clear sky
2025-03-22 11:53:53,10.82,58,clear sky
2025-03-22 12:31:37,10.76,62,clear sky
2025-03-22 12:59:35,10.27,64,clear sky
2025-03-22 13:26:16,10.26,64,clear sky
2025-03-22 13:38:33,10.76,62,clear sky
2025-03-22 13:49:57,10.76,62,clear sky
2025-03-22 14:09:25,10.76,62,clear sky
2025-03-22 14:29:52,9.78,66,clear sky
2025-03-22 14:41:26,9.45,67,clear sky
2025-03-22 14:53:04,9.45,67,clear sky
2025-03-22 15:14:11,9.45,67,clear sky
2025-03-22 15:29:37,6.76,81,clear sky
2025-03-22 15:41:10,6.76,81,clear sky
2025-03-22 15:52:45,9.07,68,clear sky
2025-03-22 16:16:50,6.76,81,clear sky
2025-03-22 16:37:56,6.76,76,clear sky
2025-03-22 16:49:33,8.83,69,clear sky
2025-03-22 17:06:29,6.76,76,clear sky
2025-03-22 17:26:08,8.83,69,clear sky
2025-03-22 17:37:54,8.83,69,clear sky
2025-03-22 17:49:41,8.56,70,clear sky
2025-03-22 18:10:55,8.81,69,clear sky
2025-03-22 18:35:15,8.81,69,clear sky
2025-03-22 18:47:31,4.76,93,clear sky
2025-03-22 18:58:53,8.62,70,clear sky
2025-03-22 19:19:06,8.62,70,clear sky
2025-03-22 19:30:30,8.62,70,clear sky
2025-03-22 19:41:52,4.76,87,clear sky
2025-03-22 19:53:25,8.36,69,clear sky
2025-03-22 20:16:34,8.36,69,clear sky
2025-03-22 20:31:33,3.76,100,clear sky
2025-03-22 20:43:09,8.24,69,clear sky
2025-03-22 20:54:42,3.76,100,clear sky
2025-03-22 21:16:49,8.24,69,clear sky
2025-03-22 21:28:56,8.24,69,mist
2025-03-22 21:40:20,8.24,68,mist
2025-03-22 21:51:53,8.24,68,mist
2025-03-22 22:11:52,8.24,68,mist
2025-03-22 22:31:22,8.24,68,mist
2025-03-22 22:43:09,9.23,62,mist
2025-03-22 22:54:48,9.23,62,mist
2025-03-22 23:18:24,9.23,62,clear sky
2025-03-22 23:30:22,9.23,62,mist
2025-03-22 23:41:38,11.14,52,mist
2025-03-22 23:53:15,11.14,52,mist
2025-03-23 01:21:44,13.32,41,clear sky
2025-03-23 02:47:00,20.39,29,clear sky
2025-03-23 03:25:04,20.51,27,clear sky
2025-03-23 03:48:03,22.6,26,clear sky
2025-03-23 03:59:41,19.76,32,clear sky
2025-03-23 04:28:46,22.77,26,clear sky
2025-03-23 04:43:21,24.05,22,clear sky
2025-03-23 04:55:03,21.76,26,clear sky
2025-03-23 05:18:24,20.34,21,clear sky
2025-03-23 05:34:44,22.76,27,clear sky
2025-03-23 05:46:11,24.63,22,clear sky
2025-03-23 05:57:35,22.76,27,clear sky
2025-03-23 06:31:59,24.68,21,clear sky
2025-03-23 06:46:57,21.76,28,few clouds
2025-03-23 06:58:46,21.76,28,few clouds
2025-03-23 07:22:16,23.62,23,clear sky
2025-03-23 07:35:15,23.49,26,clear sky
2025-03-23 07:46:29,20.76,28,clear sky
2025-03-23 07:58:01,23.42,26,clear sky
2025-03-23 08:28:43,18.76,39,overcast clouds
2025-03-23 08:44:28,18.76,39,overcast clouds
2025-03-23 08:56:01,21.36,33,overcast clouds
2025-03-23 09:20:39,21.19,29,overcast clouds
2025-03-23 09:33:00,15.76,48,broken clouds
2025-03-23 09:44:20,15.76,48,broken clouds
2025-03-23 09:55:54,19.26,34,broken clouds
2025-03-23 10:20:49,13.76,58,overcast clouds
2025-03-23 10:37:18,16.16,37,broken clouds
2025-03-23 10:48:56,13.76,58,broken clouds
2025-03-23 11:00:48,16.11,36,broken clouds
2025-03-23 11:21:54,13.76,58,overcast clouds
2025-03-23 11:34:25,15.99,38,broken clouds
2025-03-23 11:46:11,15.04,40,broken clouds
2025-03-23 11:57:41,15.01,40,broken clouds
2025-03-23 12:45:08,14.49,42,broken clouds
2025-03-23 13:10:59,14.48,41,broken clouds
2025-03-23 13:30:44,14.35,40,overcast clouds
2025-03-23 13:42:06,14.14,43,broken clouds
2025-03-23 13:53:49,13.76,51,broken clouds
2025-03-23 14:14:13,14.06,39,overcast clouds
2025-03-23 14:31:02,14.09,39,overcast clouds
2025-03-23 14:42:29,13.86,39,overcast clouds
2025-03-23 14:53:47,12.76,50,broken clouds
2025-03-23 15:17:09,13.84,39,overcast clouds
2025-03-23 15:31:49,11.76,58,overcast clouds
2025-03-23 15:43:04,13.55,38,overcast clouds
2025-03-23 15:54:30,13.55,38,overcast clouds
2025-03-23 16:21:09,13.55,38,overcast clouds
2025-03-23 16:40:20,13.55,38,overcast clouds
2025-03-23 16:51:49,10.76,62,broken clouds
2025-03-23 17:10:58,10.76,62,broken clouds
2025-03-23 17:29:33,12.76,47,broken clouds
2025-03-23 17:40:41,12.62,39,broken clouds
2025-03-23 17:52:25,12.62,39,broken clouds
2025-03-23 18:17:57,12.93,39,overcast clouds
2025-03-23 18:39:30,12.93,39,broken clouds
2025-03-23 18:51:00,12.51,40,broken clouds
2025-03-23 19:09:49,11.76,54,broken clouds
2025-03-23 19:23:52,12.51,40,broken clouds
2025-03-23 19:36:30,12.51,40,broken clouds
